chart_label,region,national_rank_of_accepting_candidate
unknown_year_A,East Midlands,44
unknown_year_A,East Midlands,45
unknown_year_A,East Midlands,76
unknown_year_A,East Midlands,80
unknown_year_A,East Midlands,172
unknown_year_A,East Midlands,190
unknown_year_A,East Midlands,195
unknown_year_A,East Midlands,289
unknown_year_A,East Midlands,314
unknown_year_A,East Midlands,316
unknown_year_A,East Midlands,432
unknown_year_A,East Midlands,486
unknown_year_A,East Midlands,502
unknown_year_A,East Midlands,544
unknown_year_A,East Midlands,547
unknown_year_A,East Midlands,609
unknown_year_A,East Midlands,649
unknown_year_A,East Midlands,680
unknown_year_A,East Midlands,698
unknown_year_A,East Midlands,723
unknown_year_A,East Midlands,795
unknown_year_A,East Midlands,804
unknown_year_A,East Midlands,828
unknown_year_A,East Midlands,839
unknown_year_A,East Midlands,898
unknown_year_A,East Midlands,914
unknown_year_A,East Midlands,962
unknown_year_A,East Midlands,992
unknown_year_A,East Midlands,997
unknown_year_A,East Midlands,1009
unknown_year_A,East Midlands,1025
unknown_year_A,East Midlands,1047
unknown_year_A,East Midlands,1048
unknown_year_A,East Midlands,1051
unknown_year_A,East Midlands,1099
unknown_year_A,East Midlands,1101
unknown_year_A,East Midlands,1119
unknown_year_A,East Midlands,1128
unknown_year_A,East Midlands,1149
unknown_year_A,East Midlands,1172
unknown_year_A,East Midlands,1228
unknown_year_A,East Midlands,1229
unknown_year_A,East Midlands,1256
unknown_year_A,East Midlands,1257
unknown_year_A,East Midlands,1279
unknown_year_A,East Midlands,1286
unknown_year_A,East Midlands,1296
unknown_year_A,East Midlands,1301
unknown_year_A,East Midlands,1304
unknown_year_A,East Midlands,1321
unknown_year_A,East Midlands,1327
unknown_year_A,East Midlands,1333
unknown_year_A,East Midlands,1352
unknown_year_A,East Midlands,1354
unknown_year_A,East Midlands,1355
unknown_year_A,East Midlands,1361
unknown_year_A,East Midlands,1373
unknown_year_A,East Midlands,1435
unknown_year_A,East Midlands,1440
unknown_year_A,East Midlands,1460
unknown_year_A,East Midlands,1469
unknown_year_A,East Midlands,1473
unknown_year_A,East Midlands,1475
unknown_year_A,East Midlands,1477
unknown_year_A,East Midlands,1486
unknown_year_A,East Midlands,1497
unknown_year_A,East Midlands,1509
unknown_year_A,East Midlands,1539
unknown_year_A,East Midlands,1545
unknown_year_A,East Midlands,1553
unknown_year_A,East Midlands,1564
unknown_year_A,East Midlands,1596
unknown_year_A,East Midlands,1597
unknown_year_A,East Midlands,1616
unknown_year_A,East Midlands,1654
unknown_year_A,East Midlands,1690
unknown_year_A,East Midlands,1692
unknown_year_A,East Midlands,1712
unknown_year_A,East Midlands,1716
unknown_year_A,East Midlands,1718
unknown_year_A,East Midlands,1728
unknown_year_A,East Midlands,1735
unknown_year_A,East Midlands,1752
unknown_year_A,East Midlands,1762
unknown_year_A,East Midlands,1783
unknown_year_A,East Midlands,1788
unknown_year_A,East Midlands,1796
unknown_year_A,East Midlands,1803
unknown_year_A,East Midlands,1846
unknown_year_A,East Midlands,1866
unknown_year_A,East Midlands,1878
unknown_year_A,East of England,22
unknown_year_A,East of England,71
unknown_year_A,East of England,86
unknown_year_A,East of England,89
unknown_year_A,East of England,146
unknown_year_A,East of England,150
unknown_year_A,East of England,213
unknown_year_A,East of England,233
unknown_year_A,East of England,243
unknown_year_A,East of England,264
unknown_year_A,East of England,306
unknown_year_A,East of England,315
unknown_year_A,East of England,326
unknown_year_A,East of England,354
unknown_year_A,East of England,376
unknown_year_A,East of England,397
unknown_year_A,East of England,408
unknown_year_A,East of England,438
unknown_year_A,East of England,456
unknown_year_A,East of England,476
unknown_year_A,East of England,484
unknown_year_A,East of England,491
unknown_year_A,East of England,510
unknown_year_A,East of England,607
unknown_year_A,East of England,622
unknown_year_A,East of England,632
unknown_year_A,East of England,639
unknown_year_A,East of England,668
unknown_year_A,East of England,688
unknown_year_A,East of England,708
unknown_year_A,East of England,734
unknown_year_A,East of England,738
unknown_year_A,East of England,744
unknown_year_A,East of England,745
unknown_year_A,East of England,753
unknown_year_A,East of England,778
unknown_year_A,East of England,783
unknown_year_A,East of England,810
unknown_year_A,East of England,866
unknown_year_A,East of England,868
unknown_year_A,East of England,870
unknown_year_A,East of England,880
unknown_year_A,East of England,882
unknown_year_A,East of England,891
unknown_year_A,East of England,895
unknown_year_A,East of England,897
unknown_year_A,East of England,926
unknown_year_A,East of England,946
unknown_year_A,East of England,950
unknown_year_A,East of England,994
unknown_year_A,East of England,998
unknown_year_A,East of England,1000
unknown_year_A,East of England,1003
unknown_year_A,East of England,1012
unknown_year_A,East of England,1015
unknown_year_A,East of England,1019
unknown_year_A,East of England,1042
unknown_year_A,East of England,1046
unknown_year_A,East of England,1054
unknown_year_A,East of England,1059
unknown_year_A,East of England,1063
unknown_year_A,East of England,1067
unknown_year_A,East of England,1075
unknown_year_A,East of England,1076
unknown_year_A,East of England,1083
unknown_year_A,East of England,1087
unknown_year_A,East of England,1092
unknown_year_A,East of England,1098
unknown_year_A,East of England,1110
unknown_year_A,East of England,1116
unknown_year_A,East of England,1121
unknown_year_A,East of England,1123
unknown_year_A,East of England,1135
unknown_year_A,East of England,1139
unknown_year_A,East of England,1143
unknown_year_A,East of England,1175
unknown_year_A,East of England,1225
unknown_year_A,East of England,1273
unknown_year_A,East of England,1282
unknown_year_A,East of England,1283
unknown_year_A,East of England,1300
unknown_year_A,East of England,1311
unknown_year_A,East of England,1313
unknown_year_A,East of England,1325
unknown_year_A,East of England,1344
unknown_year_A,East of England,1371
unknown_year_A,East of England,1371
unknown_year_A,East of England,1381
unknown_year_A,East of England,1386
unknown_year_A,East of England,1393
unknown_year_A,East of England,1412
unknown_year_A,East of England,1448
unknown_year_A,East of England,1457
unknown_year_A,East of England,1459
unknown_year_A,East of England,1483
unknown_year_A,East of England,1488
unknown_year_A,East of England,1489
unknown_year_A,East of England,1514
unknown_year_A,East of England,1533
unknown_year_A,East of England,1534
unknown_year_A,East of England,1574
unknown_year_A,East of England,1593
unknown_year_A,East of England,1606
unknown_year_A,East of England,1623
unknown_year_A,East of England,1650
unknown_year_A,East of England,1653
unknown_year_A,East of England,1662
unknown_year_A,East of England,1680
unknown_year_A,East of England,1682
unknown_year_A,East of England,1684
unknown_year_A,East of England,1685
unknown_year_A,East of England,1686
unknown_year_A,East of England,1688
unknown_year_A,East of England,1699
unknown_year_A,East of England,1736
unknown_year_A,East of England,1748
unknown_year_A,East of England,1749
unknown_year_A,East of England,1760
unknown_year_A,East of England,1771
unknown_year_A,East of England,1800
unknown_year_A,East of England,1805
unknown_year_A,East of England,1830
unknown_year_A,East of England,1833
unknown_year_A,East of England,1840
unknown_year_A,East of England,1841
unknown_year_A,East of England,1859
unknown_year_A,East of England,1867
unknown_year_A,East of England,1891
unknown_year_A,East of England,1899
unknown_year_A,East of England,1913
unknown_year_A,East of England,1921
unknown_year_A,East of England,1933
unknown_year_A,East of England,1944
unknown_year_A,East of England,1961
unknown_year_A,East of England,1973
unknown_year_A,East of England,1974
unknown_year_A,East of England,1978
unknown_year_A,East of England,1983
unknown_year_A,East of England,1984
unknown_year_A,East of England,2006
unknown_year_A,East of England,2008
unknown_year_A,East of England,2009
unknown_year_A,Kent Surrey and Sussex,1376
unknown_year_A,Kent Surrey and Sussex,1554
unknown_year_A,Kent Surrey and Sussex,1338
unknown_year_A,Kent Surrey and Sussex,1542
unknown_year_A,Kent Surrey and Sussex,1158
unknown_year_A,Kent Surrey and Sussex,1917
unknown_year_A,Kent Surrey and Sussex,1517
unknown_year_A,Kent Surrey and Sussex,884
unknown_year_A,Kent Surrey and Sussex,1261
unknown_year_A,Kent Surrey and Sussex,1838
unknown_year_A,Kent Surrey and Sussex,1466
unknown_year_A,Kent Surrey and Sussex,1643
unknown_year_A,Kent Surrey and Sussex,1455
unknown_year_A,Kent Surrey and Sussex,779
unknown_year_A,Kent Surrey and Sussex,266
unknown_year_A,Kent Surrey and Sussex,1370
unknown_year_A,Kent Surrey and Sussex,1902
unknown_year_A,Kent Surrey and Sussex,941
unknown_year_A,Kent Surrey and Sussex,967
unknown_year_A,Kent Surrey and Sussex,1238
unknown_year_A,Kent Surrey and Sussex,1552
unknown_year_A,Kent Surrey and Sussex,482
unknown_year_A,Kent Surrey and Sussex,955
unknown_year_A,Kent Surrey and Sussex,1375
unknown_year_A,Kent Surrey and Sussex,1727
unknown_year_A,Kent Surrey and Sussex,1345
unknown_year_A,Kent Surrey and Sussex,1331
unknown_year_A,Kent Surrey and Sussex,1569
unknown_year_A,Kent Surrey and Sussex,1598
unknown_year_A,Kent Surrey and Sussex,1109
unknown_year_A,Kent Surrey and Sussex,1109
unknown_year_A,Kent Surrey and Sussex,1309
unknown_year_A,Kent Surrey and Sussex,1041
unknown_year_A,Kent Surrey and Sussex,1747
unknown_year_A,Kent Surrey and Sussex,1253
unknown_year_A,Kent Surrey and Sussex,1775
unknown_year_A,Kent Surrey and Sussex,1177
unknown_year_A,Kent Surrey and Sussex,534
unknown_year_A,Kent Surrey and Sussex,1746
unknown_year_A,Kent Surrey and Sussex,1262
unknown_year_A,Kent Surrey and Sussex,919
unknown_year_A,Kent Surrey and Sussex,1855
unknown_year_A,Kent Surrey and Sussex,1823
unknown_year_A,Kent Surrey and Sussex,970
unknown_year_A,Kent Surrey and Sussex,1858
unknown_year_A,Kent Surrey and Sussex,906
unknown_year_A,Kent Surrey and Sussex,1637
unknown_year_A,Kent Surrey and Sussex,1609
unknown_year_A,Kent Surrey and Sussex,1306
unknown_year_A,Kent Surrey and Sussex,1513
unknown_year_A,Kent Surrey and Sussex,1630
unknown_year_A,Kent Surrey and Sussex,1127
unknown_year_A,Kent Surrey and Sussex,1847
unknown_year_A,Kent Surrey and Sussex,1530
unknown_year_A,Kent Surrey and Sussex,1207
unknown_year_A,Kent Surrey and Sussex,1541
unknown_year_A,Kent Surrey and Sussex,1857
unknown_year_A,Kent Surrey and Sussex,198
unknown_year_A,Kent Surrey and Sussex,717
unknown_year_A,Kent Surrey and Sussex,984
unknown_year_A,Kent Surrey and Sussex,109
unknown_year_A,Kent Surrey and Sussex,1008
unknown_year_A,Kent Surrey and Sussex,929
unknown_year_A,Kent Surrey and Sussex,1187
unknown_year_A,Kent Surrey and Sussex,139
unknown_year_A,Kent Surrey and Sussex,767
unknown_year_A,Kent Surrey and Sussex,930
unknown_year_A,Kent Surrey and Sussex,1023
unknown_year_A,Kent Surrey and Sussex,924
unknown_year_A,Kent Surrey and Sussex,1227
unknown_year_A,Kent Surrey and Sussex,989
unknown_year_A,Kent Surrey and Sussex,1243
unknown_year_A,Kent Surrey and Sussex,693
unknown_year_A,Kent Surrey and Sussex,943
unknown_year_A,Kent Surrey and Sussex,854
unknown_year_A,Kent Surrey and Sussex,770
unknown_year_A,Kent Surrey and Sussex,1237
unknown_year_A,Kent Surrey and Sussex,1068
unknown_year_A,Kent Surrey and Sussex,1201
unknown_year_A,Kent Surrey and Sussex,578
unknown_year_A,Kent Surrey and Sussex,1563
unknown_year_A,Kent Surrey and Sussex,890
unknown_year_A,Kent Surrey and Sussex,1113
unknown_year_A,Kent Surrey and Sussex,1337
unknown_year_A,Kent Surrey and Sussex,987
unknown_year_A,Kent Surrey and Sussex,975
unknown_year_A,Kent Surrey and Sussex,488
unknown_year_A,Kent Surrey and Sussex,396
unknown_year_A,Kent Surrey and Sussex,1340
unknown_year_A,Kent Surrey and Sussex,1871
unknown_year_A,Kent Surrey and Sussex,1676
unknown_year_A,Kent Surrey and Sussex,1179
unknown_year_A,Kent Surrey and Sussex,809
unknown_year_A,Kent Surrey and Sussex,1290
unknown_year_A,Kent Surrey and Sussex,1665
unknown_year_A,Kent Surrey and Sussex,1502
unknown_year_A,Kent Surrey and Sussex,1502
unknown_year_A,Kent Surrey and Sussex,1849
unknown_year_A,Kent Surrey and Sussex,959
unknown_year_A,Kent Surrey and Sussex,768
unknown_year_A,Kent Surrey and Sussex,1757
unknown_year_A,Kent Surrey and Sussex,1813
unknown_year_A,Kent Surrey and Sussex,1430
unknown_year_A,Kent Surrey and Sussex,1893
unknown_year_A,Kent Surrey and Sussex,1602
unknown_year_A,Kent Surrey and Sussex,1901
unknown_year_A,Kent Surrey and Sussex,13
unknown_year_A,Kent Surrey and Sussex,1093
unknown_year_A,Kent Surrey and Sussex,658
unknown_year_A,Kent Surrey and Sussex,60
unknown_year_A,Kent Surrey and Sussex,944
unknown_year_A,Kent Surrey and Sussex,1364
unknown_year_A,Kent Surrey and Sussex,1612
unknown_year_A,Kent Surrey and Sussex,617
unknown_year_A,Kent Surrey and Sussex,1773
unknown_year_A,Kent Surrey and Sussex,1592
unknown_year_A,Kent Surrey and Sussex,920
unknown_year_A,Kent Surrey and Sussex,1510
unknown_year_A,Kent Surrey and Sussex,690
unknown_year_A,Kent Surrey and Sussex,581
unknown_year_A,Kent Surrey and Sussex,1065
unknown_year_A,Kent Surrey and Sussex,704
unknown_year_A,Kent Surrey and Sussex,1004
unknown_year_A,Kent Surrey and Sussex,1318
unknown_year_A,Kent Surrey and Sussex,1496
unknown_year_A,Kent Surrey and Sussex,1856
unknown_year_A,Kent Surrey and Sussex,1845
unknown_year_A,Kent Surrey and Sussex,465
unknown_year_A,Kent Surrey and Sussex,97
unknown_year_A,Kent Surrey and Sussex,1707
unknown_year_A,Kent Surrey and Sussex,1664
unknown_year_A,Kent Surrey and Sussex,1916
unknown_year_A,Kent Surrey and Sussex,1043
unknown_year_A,London,585
unknown_year_A,London,225
unknown_year_A,London,523
unknown_year_A,London,137
unknown_year_A,London,176
unknown_year_A,London,516
unknown_year_A,London,363
unknown_year_A,London,375
unknown_year_A,London,391
unknown_year_A,London,107
unknown_year_A,London,712
unknown_year_A,London,272
unknown_year_A,London,163
unknown_year_A,London,320
unknown_year_A,London,130
unknown_year_A,London,210
unknown_year_A,London,414
unknown_year_A,London,362
unknown_year_A,London,48
unknown_year_A,London,1420
unknown_year_A,London,623
unknown_year_A,London,664
unknown_year_A,London,846
unknown_year_A,London,904
unknown_year_A,London,442
unknown_year_A,London,509
unknown_year_A,London,711
unknown_year_A,London,127
unknown_year_A,London,26
unknown_year_A,London,209
unknown_year_A,London,633
unknown_year_A,London,275
unknown_year_A,London,685
unknown_year_A,London,191
unknown_year_A,London,95
unknown_year_A,London,627
unknown_year_A,London,437
unknown_year_A,London,406
unknown_year_A,London,355
unknown_year_A,London,278
unknown_year_A,London,519
unknown_year_A,London,761
unknown_year_A,London,629
unknown_year_A,London,372
unknown_year_A,London,420
unknown_year_A,London,409
unknown_year_A,London,273
unknown_year_A,London,261
unknown_year_A,London,156
unknown_year_A,London,596
unknown_year_A,London,550
unknown_year_A,London,105
unknown_year_A,London,682
unknown_year_A,London,382
unknown_year_A,London,98
unknown_year_A,London,813
unknown_year_A,London,280
unknown_year_A,London,53
unknown_year_A,London,387
unknown_year_A,London,91
unknown_year_A,London,479
unknown_year_A,London,157
unknown_year_A,London,573
unknown_year_A,London,249
unknown_year_A,London,797
unknown_year_A,London,173
unknown_year_A,London,3
unknown_year_A,London,715
unknown_year_A,London,524
unknown_year_A,London,318
unknown_year_A,London,32
unknown_year_A,London,843
unknown_year_A,London,244
unknown_year_A,London,466
unknown_year_A,London,730
unknown_year_A,London,746
unknown_year_A,London,775
unknown_year_A,London,823
unknown_year_A,London,364
unknown_year_A,London,291
unknown_year_A,London,59
unknown_year_A,London,1636
unknown_year_A,London,628
unknown_year_A,London,84
unknown_year_A,London,350
unknown_year_A,London,38
unknown_year_A,London,14
unknown_year_A,London,535
unknown_year_A,London,786
unknown_year_A,London,727
unknown_year_A,London,300
unknown_year_A,London,145
unknown_year_A,London,310
unknown_year_A,London,467
unknown_year_A,London,478
unknown_year_A,London,399
unknown_year_A,London,5
unknown_year_A,London,171
unknown_year_A,London,110
unknown_year_A,London,1
unknown_year_A,London,211
unknown_year_A,London,385
unknown_year_A,London,277
unknown_year_A,London,803
unknown_year_A,London,74
unknown_year_A,London,30
unknown_year_A,London,8
unknown_year_A,London,416
unknown_year_A,London,66
unknown_year_A,London,1776
unknown_year_A,London,1776
unknown_year_A,London,571
unknown_year_A,London,963
unknown_year_A,London,444
unknown_year_A,London,347
unknown_year_A,London,37
unknown_year_A,London,62
unknown_year_A,London,140
unknown_year_A,London,747
unknown_year_A,London,205
unknown_year_A,London,815
unknown_year_A,London,212
unknown_year_A,London,323
unknown_year_A,London,302
unknown_year_A,London,177
unknown_year_A,London,132
unknown_year_A,London,836
unknown_year_A,London,411
unknown_year_A,London,184
unknown_year_A,London,181
unknown_year_A,London,599
unknown_year_A,London,304
unknown_year_A,London,329
unknown_year_A,London,294
unknown_year_A,London,330
unknown_year_A,London,404
unknown_year_A,London,75
unknown_year_A,London,413
unknown_year_A,London,247
unknown_year_A,London,503
unknown_year_A,London,265
unknown_year_A,London,298
unknown_year_A,London,147
unknown_year_A,London,498
unknown_year_A,London,231
unknown_year_A,London,122
unknown_year_A,London,170
unknown_year_A,London,925
unknown_year_A,London,221
unknown_year_A,London,188
unknown_year_A,London,543
unknown_year_A,London,55
unknown_year_A,London,384
unknown_year_A,London,21
unknown_year_A,London,72
unknown_year_A,London,18
unknown_year_A,London,33
unknown_year_A,London,982
unknown_year_A,London,50
unknown_year_A,London,20
unknown_year_A,London,546
unknown_year_A,London,295
unknown_year_A,London,468
unknown_year_A,London,235
unknown_year_A,London,602
unknown_year_A,London,552
unknown_year_A,London,421
unknown_year_A,London,433
unknown_year_A,London,78
unknown_year_A,London,696
unknown_year_A,London,393
unknown_year_A,London,485
unknown_year_A,London,222
unknown_year_A,London,572
unknown_year_A,London,258
unknown_year_A,London,729
unknown_year_A,London,650
unknown_year_A,London,85
unknown_year_A,London,852
unknown_year_A,London,381
unknown_year_A,London,262
unknown_year_A,London,250
unknown_year_A,London,141
unknown_year_A,London,504
unknown_year_A,London,912
unknown_year_A,London,268
unknown_year_A,London,419
unknown_year_A,London,848
unknown_year_A,London,773
unknown_year_A,London,400
unknown_year_A,London,103
unknown_year_A,London,579
unknown_year_A,London,812
unknown_year_A,London,332
unknown_year_A,London,405
unknown_year_A,London,830
unknown_year_A,London,555
unknown_year_A,London,756
unknown_year_A,London,832
unknown_year_A,London,530
unknown_year_A,London,626
unknown_year_A,London,568
unknown_year_A,London,548
unknown_year_A,London,542
unknown_year_A,London,333
unknown_year_A,London,238
unknown_year_A,London,10
unknown_year_A,London,200
unknown_year_A,London,612
unknown_year_A,London,256
unknown_year_A,London,361
unknown_year_A,London,232
unknown_year_A,London,87
unknown_year_A,London,41
unknown_year_A,London,327
unknown_year_A,London,855
unknown_year_A,London,418
unknown_year_A,London,334
unknown_year_A,London,93
unknown_year_A,London,452
unknown_year_A,London,285
unknown_year_A,London,480
unknown_year_A,London,215
unknown_year_A,London,2
unknown_year_A,London,226
unknown_year_A,London,493
unknown_year_A,London,178
unknown_year_A,London,820
unknown_year_A,London,348
unknown_year_A,London,82
unknown_year_A,London,521
unknown_year_A,London,881
unknown_year_A,London,201
unknown_year_A,London,864
unknown_year_A,London,162
unknown_year_A,London,100
unknown_year_A,London,847
unknown_year_A,London,337
unknown_year_A,London,230
unknown_year_A,London,230
unknown_year_A,London,229
unknown_year_A,London,448
unknown_year_A,London,155
unknown_year_A,London,507
unknown_year_A,London,227
unknown_year_A,London,351
unknown_year_A,London,758
unknown_year_A,London,336
unknown_year_A,London,505
unknown_year_A,London,68
unknown_year_A,London,487
unknown_year_A,London,28
unknown_year_A,London,625
unknown_year_A,London,263
unknown_year_A,London,800
unknown_year_A,London,119
unknown_year_A,London,357
unknown_year_A,London,346
unknown_year_A,London,125
unknown_year_A,London,167
unknown_year_A,London,269
unknown_year_A,London,435
unknown_year_A,London,358
unknown_year_A,London,92
unknown_year_A,London,851
unknown_year_A,London,101
unknown_year_A,London,733
unknown_year_A,London,428
unknown_year_A,London,461
unknown_year_A,London,557
unknown_year_A,London,168
unknown_year_A,London,305
unknown_year_A,London,143
unknown_year_A,London,47
unknown_year_A,London,117
unknown_year_A,London,807
unknown_year_A,London,311
unknown_year_A,North East,636
unknown_year_A,North East,1894
unknown_year_A,North East,49
unknown_year_A,North East,556
unknown_year_A,North East,840
unknown_year_A,North East,1919
unknown_year_A,North East,1326
unknown_year_A,North East,187
unknown_year_A,North East,1848
unknown_year_A,North East,677
unknown_year_A,North East,1298
unknown_year_A,North East,661
unknown_year_A,North East,1428
unknown_year_A,North East,700
unknown_year_A,North East,1801
unknown_year_A,North East,128
unknown_year_A,North East,1357
unknown_year_A,North East,1069
unknown_year_A,North East,61
unknown_year_A,North East,1271
unknown_year_A,North East,1990
unknown_year_A,North East,1927
unknown_year_A,North East,1741
unknown_year_A,North East,1395
unknown_year_A,North East,1930
unknown_year_A,North East,1594
unknown_year_A,North East,1963
unknown_year_A,North East,699
unknown_year_A,North East,1100
unknown_year_A,North East,1528
unknown_year_A,North East,861
unknown_year_A,North East,1052
unknown_year_A,North East,850
unknown_year_A,North East,496
unknown_year_A,North East,1526
unknown_year_A,North East,1163
unknown_year_A,North East,829
unknown_year_A,North East,1679
unknown_year_A,North East,1324
unknown_year_A,North East,1879
unknown_year_A,North East,494
unknown_year_A,North East,927
unknown_year_A,North East,500
unknown_year_A,North East,299
unknown_year_A,North East,1726
unknown_year_A,North East,1157
unknown_year_A,North East,223
unknown_year_A,North East,1176
unknown_year_A,North East,1399
unknown_year_A,North East,1436
unknown_year_A,North East,460
unknown_year_A,North East,750
unknown_year_A,North East,1033
unknown_year_A,North East,935
unknown_year_A,North East,1387
unknown_year_A,North East,126
unknown_year_A,North East,1822
unknown_year_A,North East,640
unknown_year_A,North East,23
unknown_year_A,North East,1837
unknown_year_A,North East,1406
unknown_year_A,North East,1766
unknown_year_A,North East,343
unknown_year_A,North East,1697
unknown_year_A,North East,1835
unknown_year_A,North East,124
unknown_year_A,North East,1206
unknown_year_A,North East,1103
unknown_year_A,North East,801
unknown_year_A,North East,1583
unknown_year_A,North East,1755
unknown_year_A,North East,565
unknown_year_A,North East,565
unknown_year_A,North East,454
unknown_year_A,North East,1646
unknown_year_A,North East,1562
unknown_year_A,North East,338
unknown_year_A,North East,1503
unknown_year_A,North West - Mersey,1732
unknown_year_A,North West - Mersey,1132
unknown_year_A,North West - Mersey,961
unknown_year_A,North West - Mersey,1725
unknown_year_A,North West - Mersey,1049
unknown_year_A,North West - Mersey,1504
unknown_year_A,North West - Mersey,1566
unknown_year_A,North West - Mersey,1658
unknown_year_A,North West - Mersey,694
unknown_year_A,North West - Mersey,526
unknown_year_A,North West - Mersey,1130
unknown_year_A,North West - Mersey,1433
unknown_year_A,North West - Mersey,1351
unknown_year_A,North West - Mersey,1221
unknown_year_A,North West - Mersey,964
unknown_year_A,North West - Mersey,1411
unknown_year_A,North West - Mersey,1001
unknown_year_A,North West - Mersey,1449
unknown_year_A,North West - Mersey,1372
unknown_year_A,North West - Mersey,1546
unknown_year_A,North West - Mersey,1521
unknown_year_A,North West - Mersey,1133
unknown_year_A,North West - Mersey,1671
unknown_year_A,North West - Mersey,133
unknown_year_A,North West - Mersey,1476
unknown_year_A,North West - Mersey,1034
unknown_year_A,North West - Mersey,1444
unknown_year_A,North West - Mersey,395
unknown_year_A,North West - Mersey,185
unknown_year_A,North West - Mersey,874
unknown_year_A,North West - Mersey,1852
unknown_year_A,North West - Mersey,558
unknown_year_A,North West - Mersey,1434
unknown_year_A,North West - Mersey,853
unknown_year_A,North West - Mersey,1703
unknown_year_A,North West - Mersey,1169
unknown_year_A,North West - Mersey,1287
unknown_year_A,North West - Mersey,1181
unknown_year_A,North West - Mersey,77
unknown_year_A,North West - Mersey,739
unknown_year_A,North West - Mersey,1188
unknown_year_A,North West - Mersey,204
unknown_year_A,North West - Mersey,1136
unknown_year_A,North West - Mersey,1516
unknown_year_A,North West - Mersey,1536
unknown_year_A,North West - Mersey,613
unknown_year_A,North West - Mersey,1577
unknown_year_A,North West - Mersey,1706
unknown_year_A,North West - Mersey,710
unknown_year_A,North West - Mersey,389
unknown_year_A,North West - Mersey,1173
unknown_year_A,North West - Mersey,1784
unknown_year_A,North West - Mersey,1886
unknown_year_A,North West - Mersey,422
unknown_year_A,North West - Mersey,113
unknown_year_A,North West - Mersey,1131
unknown_year_A,North West - Mersey,1787
unknown_year_A,North West - Mersey,561
unknown_year_A,North West - Mersey,1571
unknown_year_A,North West - Mersey,1085
unknown_year_A,North West - Mersey,1462
unknown_year_A,North West - Mersey,1890
unknown_year_A,North West - Mersey,1107
unknown_year_A,North West - Mersey,341
unknown_year_A,North West - Mersey,1825
unknown_year_A,North West - Mersey,471
unknown_year_A,North West - Mersey,1159
unknown_year_A,North West - Mersey,388
unknown_year_A,North West - North West,1745
unknown_year_A,North West - North West,1111
unknown_year_A,North West - North West,1738
unknown_year_A,North West - North West,371
unknown_year_A,North West - North West,653
unknown_year_A,North West - North West,1804
unknown_year_A,North West - North West,766
unknown_year_A,North West - North West,1096
unknown_year_A,North West - North West,1151
unknown_year_A,North West - North West,1587
unknown_year_A,North West - North West,1260
unknown_year_A,North West - North West,216
unknown_year_A,North West - North West,1249
unknown_year_A,North West - North West,792
unknown_year_A,North West - North West,794
unknown_year_A,North West - North West,1082
unknown_year_A,North West - North West,473
unknown_year_A,North West - North West,691
unknown_year_A,North West - North West,1115
unknown_year_A,North West - North West,1742
unknown_year_A,North West - North West,412
unknown_year_A,North West - North West,1184
unknown_year_A,North West - North West,281
unknown_year_A,North West - North West,407
unknown_year_A,North West - North West,217
unknown_year_A,North West - North West,477
unknown_year_A,North West - North West,1014
unknown_year_A,North West - North West,656
unknown_year_A,North West - North West,42
unknown_year_A,North West - North West,1316
unknown_year_A,North West - North West,1247
unknown_year_A,North West - North West,1432
unknown_year_A,North West - North West,1140
unknown_year_A,North West - North West,562
unknown_year_A,North West - North West,1125
unknown_year_A,North West - North West,1843
unknown_year_A,North West - North West,1202
unknown_year_A,North West - North West,1086
unknown_year_A,North West - North West,1347
unknown_year_A,North West - North West,1452
unknown_year_A,North West - North West,445
unknown_year_A,North West - North West,954
unknown_year_A,North West - North West,610
unknown_year_A,North West - North West,1656
unknown_year_A,North West - North West,877
unknown_year_A,North West - North West,402
unknown_year_A,North West - North West,325
unknown_year_A,North West - North West,889
unknown_year_A,North West - North West,965
unknown_year_A,North West - North West,1715
unknown_year_A,North West - North West,917
unknown_year_A,North West - North West,1359
unknown_year_A,North West - North West,716
unknown_year_A,North West - North West,1389
unknown_year_A,North West - North West,27
unknown_year_A,North West - North West,1084
unknown_year_A,North West - North West,665
unknown_year_A,North West - North West,1078
unknown_year_A,North West - North West,324
unknown_year_A,North West - North West,513
unknown_year_A,North West - North West,242
unknown_year_A,North West - North West,470
unknown_year_A,North West - North West,1774
unknown_year_A,North West - North West,867
unknown_year_A,North West - North West,765
unknown_year_A,North West - North West,589
unknown_year_A,North West - North West,986
unknown_year_A,North West - North West,584
unknown_year_A,North West - North West,511
unknown_year_A,North West - North West,793
unknown_year_A,North West - North West,417
unknown_year_A,North West - North West,566
unknown_year_A,North West - North West,674
unknown_year_A,North West - North West,577
unknown_year_A,North West - North West,1740
unknown_year_A,North West - North West,1793
unknown_year_A,North West - North West,474
unknown_year_A,North West - North West,1314
unknown_year_A,North West - North West,144
unknown_year_A,North West - North West,624
unknown_year_A,North West - North West,838
unknown_year_A,North West - North West,1384
unknown_year_A,North West - North West,824
unknown_year_A,North West - North West,1365
unknown_year_A,North West - North West,224
unknown_year_A,North West - North West,236
unknown_year_A,North West - North West,349
unknown_year_A,North West - North West,1888
unknown_year_A,North West - North West,1122
unknown_year_A,North West - North West,541
unknown_year_A,North West - North West,1854
unknown_year_A,North West - North West,196
unknown_year_A,North West - North West,1814
unknown_year_A,North West - North West,634
unknown_year_A,North West - North West,1634
unknown_year_A,North West - North West,583
unknown_year_A,North West - North West,423
unknown_year_A,North West - North West,129
unknown_year_A,North West - North West,353
unknown_year_A,North West - North West,1417
unknown_year_A,North West - North West,1758
unknown_year_A,North West - North West,1487
unknown_year_A,North West - North West,532
unknown_year_A,North West - North West,274
unknown_year_A,Northern Ireland,2080
unknown_year_A,Northern Ireland,1991
unknown_year_A,Northern Ireland,751
unknown_year_A,Northern Ireland,620
unknown_year_A,Northern Ireland,816
unknown_year_A,Northern Ireland,1626
unknown_year_A,Northern Ireland,398
unknown_year_A,Northern Ireland,1876
unknown_year_A,Northern Ireland,2130
unknown_year_A,Northern Ireland,2114
unknown_year_A,Northern Ireland,2126
unknown_year_A,Northern Ireland,1651
unknown_year_A,Northern Ireland,1909
unknown_year_A,Northern Ireland,2070
unknown_year_A,Northern Ireland,2064
unknown_year_A,Northern Ireland,1380
unknown_year_A,Northern Ireland,1380
unknown_year_A,Northern Ireland,2124
unknown_year_A,Northern Ireland,2140
unknown_year_A,Northern Ireland,2119
unknown_year_A,Northern Ireland,2113
unknown_year_A,Northern Ireland,2132
unknown_year_A,Northern Ireland,2071
unknown_year_A,Northern Ireland,2133
unknown_year_A,Northern Ireland,2131
unknown_year_A,Northern Ireland,2067
unknown_year_A,Northern Ireland,2102
unknown_year_A,Northern Ireland,2098
unknown_year_A,Northern Ireland,2128
unknown_year_A,Northern Ireland,2091
unknown_year_A,Northern Ireland,443
unknown_year_A,Northern Ireland,429
unknown_year_A,Northern Ireland,2125
unknown_year_A,Northern Ireland,1979
unknown_year_A,Northern Ireland,2134
unknown_year_A,Northern Ireland,2153
unknown_year_A,Northern Ireland,1723
unknown_year_A,Northern Ireland,2099
unknown_year_A,Northern Ireland,2095
unknown_year_A,Northern Ireland,2146
unknown_year_A,Northern Ireland,2085
unknown_year_A,Northern Ireland,2154
unknown_year_A,Northern Ireland,1561
unknown_year_A,Northern Ireland,1809
unknown_year_A,Northern Ireland,844
unknown_year_A,Northern Ireland,2104
unknown_year_A,Northern Ireland,966
unknown_year_A,Northern Ireland,25
unknown_year_A,Northern Ireland,284
unknown_year_A,Northern Ireland,293
unknown_year_A,Northern Ireland,957
unknown_year_A,Northern Ireland,426
unknown_year_A,Northern Ireland,308
unknown_year_A,Northern Ireland,2079
unknown_year_A,Northern Ireland,872
unknown_year_A,Northern Ireland,2129
unknown_year_A,Northern Ireland,1343
unknown_year_A,Northern Ireland,1226
unknown_year_A,Northern Ireland,2087
unknown_year_A,Northern Ireland,2147
unknown_year_A,Scotland,1567
unknown_year_A,Scotland,1895
unknown_year_A,Scotland,1946
unknown_year_A,Scotland,1278
unknown_year_A,Scotland,1421
unknown_year_A,Scotland,2018
unknown_year_A,Scotland,2010
unknown_year_A,Scotland,1556
unknown_year_A,Scotland,1233
unknown_year_A,Scotland,1993
unknown_year_A,Scotland,1581
unknown_year_A,Scotland,1490
unknown_year_A,Scotland,1220
unknown_year_A,Scotland,826
unknown_year_A,Scotland,2066
unknown_year_A,Scotland,996
unknown_year_A,Scotland,1088
unknown_year_A,Scotland,1239
unknown_year_A,Scotland,672
unknown_year_A,Scotland,2041
unknown_year_A,Scotland,1949
unknown_year_A,Scotland,1635
unknown_year_A,Scotland,604
unknown_year_A,Scotland,287
unknown_year_A,Scotland,2055
unknown_year_A,Scotland,1507
unknown_year_A,Scotland,1576
unknown_year_A,Scotland,1730
unknown_year_A,Scotland,1275
unknown_year_A,Scotland,952
unknown_year_A,Scotland,154
unknown_year_A,Scotland,641
unknown_year_A,Scotland,136
unknown_year_A,Scotland,220
unknown_year_A,Scotland,4
unknown_year_A,Scotland,1062
unknown_year_A,Scotland,328
unknown_year_A,Scotland,896
unknown_year_A,Scotland,1013
unknown_year_A,Scotland,301
unknown_year_A,Scotland,776
unknown_year_A,Scotland,780
unknown_year_A,Scotland,590
unknown_year_A,Scotland,732
unknown_year_A,Scotland,551
unknown_year_A,Scotland,218
unknown_year_A,Scotland,239
unknown_year_A,Scotland,457
unknown_year_A,Scotland,415
unknown_year_A,Scotland,1053
unknown_year_A,Scotland,102
unknown_year_A,Scotland,386
unknown_year_A,Scotland,900
unknown_year_A,Scotland,1280
unknown_year_A,Scotland,1445
unknown_year_A,Scotland,601
unknown_year_A,Scotland,822
unknown_year_A,Scotland,574
unknown_year_A,Scotland,901
unknown_year_A,Scotland,1872
unknown_year_A,Scotland,1826
unknown_year_A,Scotland,1268
unknown_year_A,Scotland,1197
unknown_year_A,Scotland,1821
unknown_year_A,Scotland,131
unknown_year_A,Scotland,594
unknown_year_A,Scotland,1254
unknown_year_A,Scotland,902
unknown_year_A,Scotland,1215
unknown_year_A,Scotland,1215
unknown_year_A,Scotland,651
unknown_year_A,Scotland,51
unknown_year_A,Scotland,714
unknown_year_A,Scotland,1869
unknown_year_A,Scotland,673
unknown_year_A,Scotland,600
unknown_year_A,Scotland,1161
unknown_year_A,Scotland,683
unknown_year_A,Scotland,40
unknown_year_A,Scotland,1557
unknown_year_A,Scotland,490
unknown_year_A,Scotland,449
unknown_year_A,Scotland,175
unknown_year_A,Scotland,495
unknown_year_A,Scotland,1294
unknown_year_A,Scotland,1263
unknown_year_A,Scotland,309
unknown_year_A,Scotland,1252
unknown_year_A,Scotland,401
unknown_year_A,Scotland,958
unknown_year_A,Scotland,179
unknown_year_A,Scotland,892
unknown_year_A,Scotland,845
unknown_year_A,Scotland,687
unknown_year_A,Scotland,1628
unknown_year_A,Scotland,1266
unknown_year_A,Scotland,1029
unknown_year_A,Scotland,1102
unknown_year_A,Scotland,560
unknown_year_A,Scotland,73
unknown_year_A,Scotland,1864
unknown_year_A,Scotland,1451
unknown_year_A,Scotland,1438
unknown_year_A,Scotland,1681
unknown_year_A,Scotland,489
unknown_year_A,Scotland,856
unknown_year_A,South West - Peninsula,878
unknown_year_A,South West - Peninsula,540
unknown_year_A,South West - Peninsula,905
unknown_year_A,South West - Peninsula,1780
unknown_year_A,South West - Peninsula,313
unknown_year_A,South West - Peninsula,1443
unknown_year_A,South West - Peninsula,1214
unknown_year_A,South West - Peninsula,501
unknown_year_A,South West - Peninsula,2007
unknown_year_A,South West - Peninsula,2013
unknown_year_A,South West - Peninsula,1385
unknown_year_A,South West - Peninsula,933
unknown_year_A,South West - Peninsula,969
unknown_year_A,South West - Peninsula,1565
unknown_year_A,South West - Peninsula,2022
unknown_year_A,South West - Peninsula,1721
unknown_year_A,South West - Peninsula,979
unknown_year_A,South West - Peninsula,1492
unknown_year_A,South West - Peninsula,111
unknown_year_A,South West - Peninsula,1985
unknown_year_A,South West - Peninsula,1120
unknown_year_A,South West - Peninsula,2004
unknown_year_A,South West - Peninsula,1934
unknown_year_A,South West - Peninsula,1904
unknown_year_A,South West - Peninsula,662
unknown_year_A,South West - Peninsula,1077
unknown_year_A,South West - Peninsula,1471
unknown_year_A,South West - Peninsula,1447
unknown_year_A,South West - Peninsula,1141
unknown_year_A,South West - Peninsula,1422
unknown_year_A,South West - Peninsula,292
unknown_year_A,South West - Peninsula,916
unknown_year_A,South West - Peninsula,759
unknown_year_A,South West - Peninsula,752
unknown_year_A,South West - Peninsula,2000
unknown_year_A,South West - Peninsula,189
unknown_year_A,South West - Peninsula,1713
unknown_year_A,South West - Peninsula,2005
unknown_year_A,South West - Peninsula,492
unknown_year_A,South West - Peninsula,9
unknown_year_A,South West - Peninsula,1670
unknown_year_A,South West - Severn,390
unknown_year_A,South West - Severn,529
unknown_year_A,South West - Severn,1070
unknown_year_A,South West - Severn,286
unknown_year_A,South West - Severn,1036
unknown_year_A,South West - Severn,1178
unknown_year_A,South West - Severn,1218
unknown_year_A,South West - Severn,707
unknown_year_A,South West - Severn,960
unknown_year_A,South West - Severn,219
unknown_year_A,South West - Severn,811
unknown_year_A,South West - Severn,1374
unknown_year_A,South West - Severn,806
unknown_year_A,South West - Severn,12
unknown_year_A,South West - Severn,985
unknown_year_A,South West - Severn,240
unknown_year_A,South West - Severn,1056
unknown_year_A,South West - Severn,1118
unknown_year_A,South West - Severn,208
unknown_year_A,South West - Severn,90
unknown_year_A,South West - Severn,637
unknown_year_A,South West - Severn,1164
unknown_year_A,South West - Severn,789
unknown_year_A,South West - Severn,818
unknown_year_A,South West - Severn,514
unknown_year_A,South West - Severn,903
unknown_year_A,South West - Severn,763
unknown_year_A,South West - Severn,837
unknown_year_A,South West - Severn,631
unknown_year_A,South West - Severn,876
unknown_year_A,South West - Severn,1095
unknown_year_A,South West - Severn,1339
unknown_year_A,South West - Severn,15
unknown_year_A,South West - Severn,689
unknown_year_A,South West - Severn,366
unknown_year_A,South West - Severn,1383
unknown_year_A,South West - Severn,660
unknown_year_A,South West - Severn,949
unknown_year_A,South West - Severn,1792
unknown_year_A,South West - Severn,769
unknown_year_A,South West - Severn,290
unknown_year_A,South West - Severn,342
unknown_year_A,South West - Severn,506
unknown_year_A,South West - Severn,1922
unknown_year_A,South West - Severn,939
unknown_year_A,South West - Severn,296
unknown_year_A,South West - Severn,165
unknown_year_A,South West - Severn,978
unknown_year_A,South West - Severn,1156
unknown_year_A,South West - Severn,1204
unknown_year_A,South West - Severn,819
unknown_year_A,South West - Severn,192
unknown_year_A,South West - Severn,499
unknown_year_A,South West - Severn,1106
unknown_year_A,South West - Severn,974
unknown_year_A,South West - Severn,237
unknown_year_A,South West - Severn,669
unknown_year_A,Thames Valley,910
unknown_year_A,Thames Valley,749
unknown_year_A,Thames Valley,197
unknown_year_A,Thames Valley,735
unknown_year_A,Thames Valley,368
unknown_year_A,Thames Valley,1022
unknown_year_A,Thames Valley,70
unknown_year_A,Thames Valley,94
unknown_year_A,Thames Valley,875
unknown_year_A,Thames Valley,1620
unknown_year_A,Thames Valley,681
unknown_year_A,Thames Valley,1595
unknown_year_A,Thames Valley,1302
unknown_year_A,Thames Valley,1632
unknown_year_A,Thames Valley,1170
unknown_year_A,Thames Valley,453
unknown_year_A,Thames Valley,118
unknown_year_A,Thames Valley,246
unknown_year_A,Thames Valley,54
unknown_year_A,Thames Valley,1180
unknown_year_A,Thames Valley,995
unknown_year_A,Thames Valley,1018
unknown_year_A,Thames Valley,1028
unknown_year_A,Thames Valley,1114
unknown_year_A,Thames Valley,757
unknown_year_A,Thames Valley,1045
unknown_year_A,Thames Valley,1485
unknown_year_A,Thames Valley,821
unknown_year_A,Thames Valley,380
unknown_year_A,Thames Valley,112
unknown_year_A,Thames Valley,169
unknown_year_A,Thames Valley,666
unknown_year_A,Thames Valley,1194
unknown_year_A,Thames Valley,575
unknown_year_A,Thames Valley,706
unknown_year_A,Thames Valley,787
unknown_year_A,Thames Valley,1108
unknown_year_A,Thames Valley,659
unknown_year_A,Thames Valley,907
unknown_year_A,Thames Valley,11
unknown_year_A,Thames Valley,183
unknown_year_A,Thames Valley,1058
unknown_year_A,Thames Valley,1607
unknown_year_A,Thames Valley,988
unknown_year_A,Thames Valley,1601
unknown_year_A,Thames Valley,1002
unknown_year_A,Thames Valley,1358
unknown_year_A,Thames Valley,1079
unknown_year_A,Thames Valley,29
unknown_year_A,Thames Valley,726
unknown_year_A,Thames Valley,862
unknown_year_A,Thames Valley,879
unknown_year_A,Thames Valley,1104
unknown_year_A,Thames Valley,475
unknown_year_A,Thames Valley,1061
unknown_year_A,Thames Valley,791
unknown_year_A,Thames Valley,462
unknown_year_A,Thames Valley,283
unknown_year_A,Thames Valley,481
unknown_year_A,Wales,1203
unknown_year_A,Wales,2050
unknown_year_A,Wales,79
unknown_year_A,Wales,2032
unknown_year_A,Wales,1945
unknown_year_A,Wales,1998
unknown_year_A,Wales,1923
unknown_year_A,Wales,2012
unknown_year_A,Wales,1815
unknown_year_A,Wales,2039
unknown_year_A,Wales,1851
unknown_year_A,Wales,1020
unknown_year_A,Wales,2047
unknown_year_A,Wales,1806
unknown_year_A,Wales,2028
unknown_year_A,Wales,367
unknown_year_A,Wales,307
unknown_year_A,Wales,1799
unknown_year_A,Wales,603
unknown_year_A,Wales,1618
unknown_year_A,Wales,123
unknown_year_A,Wales,721
unknown_year_A,Wales,1258
unknown_year_A,Wales,1669
unknown_year_A,Wales,1870
unknown_year_A,Wales,377
unknown_year_A,Wales,1920
unknown_year_A,Wales,259
unknown_year_A,Wales,1482
unknown_year_A,Wales,1642
unknown_year_A,Wales,1811
unknown_year_A,Wales,1431
unknown_year_A,Wales,1645
unknown_year_A,Wales,1246
unknown_year_A,Wales,1906
unknown_year_A,Wales,2011
unknown_year_A,Wales,1649
unknown_year_A,Wales,39
unknown_year_A,Wales,1698
unknown_year_A,Wales,1129
unknown_year_A,Wales,1889
unknown_year_A,Wales,1168
unknown_year_A,Wales,207
unknown_year_A,Wales,1543
unknown_year_A,Wales,1887
unknown_year_A,Wales,1743
unknown_year_A,Wales,1614
unknown_year_A,Wales,1839
unknown_year_A,Wales,538
unknown_year_A,Wales,135
unknown_year_A,Wales,1441
unknown_year_A,Wales,517
unknown_year_A,Wales,1442
unknown_year_A,Wales,2040
unknown_year_A,Wales,841
unknown_year_A,Wales,410
unknown_year_A,Wales,1511
unknown_year_A,Wales,1797
unknown_year_A,Wales,370
unknown_year_A,Wales,260
unknown_year_A,Wales,483
unknown_year_A,Wales,1818
unknown_year_A,Wales,241
unknown_year_A,Wales,2060
unknown_year_A,Wales,2065
unknown_year_A,Wales,1834
unknown_year_A,Wales,2056
unknown_year_A,Wales,2054
unknown_year_A,Wales,2003
unknown_year_A,Wales,1975
unknown_year_A,Wales,2023
unknown_year_A,Wessex,1470
unknown_year_A,Wessex,1193
unknown_year_A,Wessex,1419
unknown_year_A,Wessex,455
unknown_year_A,Wessex,1550
unknown_year_A,Wessex,1584
unknown_year_A,Wessex,1605
unknown_year_A,Wessex,1463
unknown_year_A,Wessex,1450
unknown_year_A,Wessex,1506
unknown_year_A,Wessex,1044
unknown_year_A,Wessex,1205
unknown_year_A,Wessex,1244
unknown_year_A,Wessex,814
unknown_year_A,Wessex,88
unknown_year_A,Wessex,1499
unknown_year_A,Wessex,1437
unknown_year_A,Wessex,1572
unknown_year_A,Wessex,1907
unknown_year_A,Wessex,1940
unknown_year_A,Wessex,1672
unknown_year_A,Wessex,1779
unknown_year_A,Wessex,1377
unknown_year_A,Wessex,1675
unknown_year_A,Wessex,520
unknown_year_A,Wessex,1537
unknown_year_A,Wessex,1242
unknown_year_A,Wessex,1366
unknown_year_A,Wessex,1892
unknown_year_A,Wessex,1972
unknown_year_A,Wessex,1458
unknown_year_A,Wessex,1124
unknown_year_A,Wessex,1875
unknown_year_A,Wessex,1468
unknown_year_A,Wessex,1798
unknown_year_A,Wessex,948
unknown_year_A,Wessex,1621
unknown_year_A,Wessex,1638
unknown_year_A,Wessex,1659
unknown_year_A,Wessex,1751
unknown_year_A,Wessex,1733
unknown_year_A,Wessex,1761
unknown_year_A,Wessex,983
unknown_year_A,Wessex,968
unknown_year_A,Wessex,1663
unknown_year_A,Wessex,1862
unknown_year_A,Wessex,1860
unknown_year_A,Wessex,1465
unknown_year_A,Wessex,1694
unknown_year_A,Wessex,1305
unknown_year_A,Wessex,1711
unknown_year_A,Wessex,1791
unknown_year_A,Wessex,1017
unknown_year_A,Wessex,1272
unknown_year_A,Wessex,1515
unknown_year_A,Wessex,657
unknown_year_A,Wessex,1032
unknown_year_A,Wessex,972
unknown_year_A,Wessex,1035
unknown_year_A,Wessex,57
unknown_year_A,Wessex,121
unknown_year_A,Wessex,911
unknown_year_A,Wessex,647
unknown_year_A,Wessex,606
unknown_year_A,Wessex,537
unknown_year_A,West Midlands,1480
unknown_year_A,West Midlands,1195
unknown_year_A,West Midlands,1248
unknown_year_A,West Midlands,833
unknown_year_A,West Midlands,1398
unknown_year_A,West Midlands,24
unknown_year_A,West Midlands,65
unknown_year_A,West Midlands,527
unknown_year_A,West Midlands,1639
unknown_year_A,West Midlands,1657
unknown_year_A,West Midlands,808
unknown_year_A,West Midlands,1027
unknown_year_A,West Midlands,1080
unknown_year_A,West Midlands,1183
unknown_year_A,West Midlands,945
unknown_year_A,West Midlands,1276
unknown_year_A,West Midlands,981
unknown_year_A,West Midlands,1240
unknown_year_A,West Midlands,886
unknown_year_A,West Midlands,621
unknown_year_A,West Midlands,1117
unknown_year_A,West Midlands,1250
unknown_year_A,West Midlands,569
unknown_year_A,West Midlands,312
unknown_year_A,West Midlands,447
unknown_year_A,West Midlands,859
unknown_year_A,West Midlands,1191
unknown_year_A,West Midlands,522
unknown_year_A,West Midlands,718
unknown_year_A,West Midlands,564
unknown_year_A,West Midlands,1219
unknown_year_A,West Midlands,1005
unknown_year_A,West Midlands,1640
unknown_year_A,West Midlands,1166
unknown_year_A,West Midlands,1625
unknown_year_A,West Midlands,52
unknown_year_A,West Midlands,6
unknown_year_A,West Midlands,533
unknown_year_A,West Midlands,441
unknown_year_A,West Midlands,887
unknown_year_A,West Midlands,106
unknown_year_A,West Midlands,713
unknown_year_A,West Midlands,1585
unknown_year_A,West Midlands,1211
unknown_year_A,West Midlands,774
unknown_year_A,West Midlands,345
unknown_year_A,West Midlands,276
unknown_year_A,West Midlands,885
unknown_year_A,West Midlands,971
unknown_year_A,West Midlands,790
unknown_year_A,West Midlands,56
unknown_year_A,West Midlands,553
unknown_year_A,West Midlands,255
unknown_year_A,West Midlands,31
unknown_year_A,West Midlands,1090
unknown_year_A,West Midlands,993
unknown_year_A,West Midlands,1652
unknown_year_A,West Midlands,518
unknown_year_A,West Midlands,1267
unknown_year_A,West Midlands,1030
unknown_year_A,West Midlands,1038
unknown_year_A,West Midlands,459
unknown_year_A,West Midlands,586
unknown_year_A,West Midlands,873
unknown_year_A,West Midlands,1097
unknown_year_A,West Midlands,536
unknown_year_A,West Midlands,245
unknown_year_A,West Midlands,719
unknown_year_A,West Midlands,973
unknown_year_A,West Midlands,1495
unknown_year_A,West Midlands,1548
unknown_year_A,West Midlands,1134
unknown_year_A,West Midlands,725
unknown_year_A,West Midlands,116
unknown_year_A,West Midlands,288
unknown_year_A,West Midlands,182
unknown_year_A,West Midlands,451
unknown_year_A,West Midlands,464
unknown_year_A,West Midlands,1189
unknown_year_A,West Midlands,1222
unknown_year_A,West Midlands,1153
unknown_year_A,West Midlands,1586
unknown_year_A,West Midlands,1126
unknown_year_A,West Midlands,741
unknown_year_A,West Midlands,1137
unknown_year_A,Yorkshire and the Humber,1929
unknown_year_A,Yorkshire and the Humber,1912
unknown_year_A,Yorkshire and the Humber,2033
unknown_year_A,Yorkshire and the Humber,2014
unknown_year_A,Yorkshire and the Humber,1549
unknown_year_A,Yorkshire and the Humber,1790
unknown_year_A,Yorkshire and the Humber,1425
unknown_year_A,Yorkshire and the Humber,1708
unknown_year_A,Yorkshire and the Humber,1579
unknown_year_A,Yorkshire and the Humber,1010
unknown_year_A,Yorkshire and the Humber,2025
unknown_year_A,Yorkshire and the Humber,2019
unknown_year_A,Yorkshire and the Humber,1753
unknown_year_A,Yorkshire and the Humber,1918
unknown_year_A,Yorkshire and the Humber,1989
unknown_year_A,Yorkshire and the Humber,1408
unknown_year_A,Yorkshire and the Humber,1939
unknown_year_A,Yorkshire and the Humber,1969
unknown_year_A,Yorkshire and the Humber,1795
unknown_year_A,Yorkshire and the Humber,1765
unknown_year_A,Yorkshire and the Humber,2002
unknown_year_A,Yorkshire and the Humber,1896
unknown_year_A,Yorkshire and the Humber,1768
unknown_year_A,Yorkshire and the Humber,1785
unknown_year_A,Yorkshire and the Humber,1884
unknown_year_A,Yorkshire and the Humber,1994
unknown_year_A,Yorkshire and the Humber,1988
unknown_year_A,Yorkshire and the Humber,2046
unknown_year_A,Yorkshire and the Humber,1782
unknown_year_A,Yorkshire and the Humber,772
unknown_year_A,Yorkshire and the Humber,1378
unknown_year_A,Yorkshire and the Humber,1977
unknown_year_A,Yorkshire and the Humber,1957
unknown_year_A,Yorkshire and the Humber,1995
unknown_year_A,Yorkshire and the Humber,1704
unknown_year_A,Yorkshire and the Humber,1538
unknown_year_A,Yorkshire and the Humber,1903
unknown_year_A,Yorkshire and the Humber,2026
unknown_year_A,Yorkshire and the Humber,2027
unknown_year_A,Yorkshire and the Humber,2049
unknown_year_A,Yorkshire and the Humber,1641
unknown_year_A,Yorkshire and the Humber,1691
unknown_year_A,Yorkshire and the Humber,1474
unknown_year_A,Yorkshire and the Humber,174
unknown_year_A,Yorkshire and the Humber,703
unknown_year_A,Yorkshire and the Humber,1729
unknown_year_A,Yorkshire and the Humber,108
unknown_year_A,Yorkshire and the Humber,754
unknown_year_A,Yorkshire and the Humber,1770
unknown_year_A,Yorkshire and the Humber,1185
unknown_year_A,Yorkshire and the Humber,199
unknown_year_A,Yorkshire and the Humber,784
unknown_year_A,Yorkshire and the Humber,899
unknown_year_A,Yorkshire and the Humber,1763
unknown_year_A,Yorkshire and the Humber,849
unknown_year_A,Yorkshire and the Humber,531
unknown_year_A,Yorkshire and the Humber,643
unknown_year_A,Yorkshire and the Humber,616
unknown_year_A,Yorkshire and the Humber,1308
unknown_year_A,Yorkshire and the Humber,1522
unknown_year_A,Yorkshire and the Humber,1394
unknown_year_A,Yorkshire and the Humber,777
unknown_year_A,Yorkshire and the Humber,114
unknown_year_A,Yorkshire and the Humber,863
unknown_year_A,Yorkshire and the Humber,1731
unknown_year_A,Yorkshire and the Humber,1342
unknown_year_A,Yorkshire and the Humber,1006
unknown_year_A,Yorkshire and the Humber,1234
unknown_year_A,Yorkshire and the Humber,19
unknown_year_A,Yorkshire and the Humber,180
unknown_year_A,Yorkshire and the Humber,1631
unknown_year_A,Yorkshire and the Humber,1235
unknown_year_A,Yorkshire and the Humber,1071
unknown_year_A,Yorkshire and the Humber,597
unknown_year_A,Yorkshire and the Humber,1217
unknown_year_A,Yorkshire and the Humber,1693
unknown_year_A,Yorkshire and the Humber,1369
unknown_year_A,Yorkshire and the Humber,720
unknown_year_A,Yorkshire and the Humber,742
unknown_year_A,Yorkshire and the Humber,1363
unknown_year_A,Yorkshire and the Humber,303
unknown_year_A,Yorkshire and the Humber,1024
unknown_year_A,Yorkshire and the Humber,1401
unknown_year_A,Yorkshire and the Humber,1089
unknown_year_A,Yorkshire and the Humber,356
unknown_year_A,Yorkshire and the Humber,1615
unknown_year_A,Yorkshire and the Humber,1255
unknown_year_A,Yorkshire and the Humber,1624
unknown_year_A,Yorkshire and the Humber,1540
unknown_year_A,Yorkshire and the Humber,1315
unknown_year_A,Yorkshire and the Humber,1209
unknown_year_A,Yorkshire and the Humber,1633
unknown_year_A,Yorkshire and the Humber,1317
unknown_year_A,Yorkshire and the Humber,644
unknown_year_A,Yorkshire and the Humber,1568
unknown_year_A,Yorkshire and the Humber,1673
unknown_year_A,Yorkshire and the Humber,359
unknown_year_A,Yorkshire and the Humber,1588
unknown_year_A,Yorkshire and the Humber,1073
unknown_year_A,Yorkshire and the Humber,1644
unknown_year_A,Yorkshire and the Humber,1498
unknown_year_A,Yorkshire and the Humber,1717
unknown_year_A,Yorkshire and the Humber,731
unknown_year_A,Yorkshire and the Humber,1105
unknown_year_A,Yorkshire and the Humber,1105
unknown_year_A,Yorkshire and the Humber,1689
unknown_year_A,Yorkshire and the Humber,667
unknown_year_A,Yorkshire and the Humber,1535
unknown_year_A,Yorkshire and the Humber,1781
unknown_year_A,Yorkshire and the Humber,1162
unknown_year_A,Yorkshire and the Humber,149
unknown_year_A,Yorkshire and the Humber,1764
unknown_year_A,Yorkshire and the Humber,1570
unknown_year_A,Yorkshire and the Humber,1349
unknown_year_A,Yorkshire and the Humber,909
unknown_year_A,Yorkshire and the Humber,1413
unknown_year_A,Yorkshire and the Humber,1400
unknown_year_A,Yorkshire and the Humber,1700
unknown_year_A,Yorkshire and the Humber,1678
unknown_year_A,Yorkshire and the Humber,942
unknown_year_A,Yorkshire and the Humber,1590
unknown_year_A,Yorkshire and the Humber,1265
unknown_year_A,Yorkshire and the Humber,257
unknown_year_A,Yorkshire and the Humber,1737
unknown_year_A,Yorkshire and the Humber,1573
unknown_year_A,Yorkshire and the Humber,1407
unknown_year_A,Yorkshire and the Humber,1687
unknown_year_A,Yorkshire and the Humber,1547
unknown_year_A,Yorkshire and the Humber,67
unknown_year_A,Yorkshire and the Humber,43
unknown_year_A,Yorkshire and the Humber,1332
unknown_year_A,Yorkshire and the Humber,369
unknown_year_A,Yorkshire and the Humber,1144
unknown_year_A,Yorkshire and the Humber,1165
unknown_year_A,Yorkshire and the Humber,670
unknown_year_A,Yorkshire and the Humber,592
unknown_year_A,Yorkshire and the Humber,1382
unknown_year_A,Yorkshire and the Humber,697
unknown_year_A,Yorkshire and the Humber,1320
unknown_year_A,Yorkshire and the Humber,1291
unknown_year_A,Yorkshire and the Humber,947
unknown_year_A,Yorkshire and the Humber,1322
unknown_year_A,Yorkshire and the Humber,663
unknown_year_A,Yorkshire and the Humber,676
unknown_year_A,Yorkshire and the Humber,1174
unknown_year_A,Yorkshire and the Humber,1701
unknown_year_A,Yorkshire and the Humber,785
unknown_year_A,Yorkshire and the Humber,1807
unknown_year_A,Yorkshire and the Humber,1040
unknown_year_A,Yorkshire and the Humber,1396
unknown_year_A,Yorkshire and the Humber,1312
unknown_year_A,Yorkshire and the Humber,605
unknown_year_A,Yorkshire and the Humber,1274
unknown_year_B,East Midlands,1754
unknown_year_B,East Midlands,1733
unknown_year_B,East Midlands,490
unknown_year_B,East Midlands,1571
unknown_year_B,East Midlands,1543
unknown_year_B,East Midlands,989
unknown_year_B,East Midlands,1172
unknown_year_B,East Midlands,1760
unknown_year_B,East Midlands,1552
unknown_year_B,East Midlands,1753
unknown_year_B,East Midlands,1630
unknown_year_B,East Midlands,1147
unknown_year_B,East Midlands,1246
unknown_year_B,East Midlands,1622
unknown_year_B,East Midlands,1475
unknown_year_B,East Midlands,1903
unknown_year_B,East Midlands,1948
unknown_year_B,East Midlands,247
unknown_year_B,East Midlands,300
unknown_year_B,East Midlands,1350
unknown_year_B,East Midlands,841
unknown_year_B,East Midlands,538
unknown_year_B,East Midlands,1696
unknown_year_B,East Midlands,1749
unknown_year_B,East Midlands,1593
unknown_year_B,East Midlands,1325
unknown_year_B,East Midlands,1902
unknown_year_B,East Midlands,1563
unknown_year_B,East Midlands,1278
unknown_year_B,East Midlands,1524
unknown_year_B,East Midlands,1866
unknown_year_B,East Midlands,1575
unknown_year_B,East Midlands,1519
unknown_year_B,East Midlands,1707
unknown_year_B,East Midlands,1308
unknown_year_B,East Midlands,1436
unknown_year_B,East Midlands,1528
unknown_year_B,East Midlands,1790
unknown_year_B,East Midlands,1723
unknown_year_B,East Midlands,1266
unknown_year_B,East Midlands,359
unknown_year_B,East Midlands,1244
unknown_year_B,East Midlands,1837
unknown_year_B,East Midlands,1764
unknown_year_B,East Midlands,749
unknown_year_B,East Midlands,710
unknown_year_B,East Midlands,1697
unknown_year_B,East Midlands,939
unknown_year_B,East Midlands,884
unknown_year_B,East Midlands,801
unknown_year_B,East Midlands,399
unknown_year_B,East Midlands,1154
unknown_year_B,East Midlands,263
unknown_year_B,East Midlands,1718
unknown_year_B,East Midlands,1822
unknown_year_B,East Midlands,1349
unknown_year_B,East Midlands,1554
unknown_year_B,East Midlands,1409
unknown_year_B,East Midlands,1796
unknown_year_B,East Midlands,1867
unknown_year_B,East Midlands,1598
unknown_year_B,East Midlands,758
unknown_year_B,East Midlands,1269
unknown_year_B,East Midlands,1638
unknown_year_B,East Midlands,1339
unknown_year_B,East Midlands,1842
unknown_year_B,East Midlands,1514
unknown_year_B,East Midlands,1492
unknown_year_B,East Midlands,1645
unknown_year_B,East Midlands,1658
unknown_year_B,East Midlands,1378
unknown_year_B,East Midlands,1731
unknown_year_B,East Midlands,545
unknown_year_B,East Midlands,1106
unknown_year_B,East Midlands,1825
unknown_year_B,East Midlands,984
unknown_year_B,East Midlands,1728
unknown_year_B,East Midlands,1305
unknown_year_B,East Midlands,1022
unknown_year_B,East Midlands,1127
unknown_year_B,East Midlands,1724
unknown_year_B,East Midlands,1398
unknown_year_B,East Midlands,1747
unknown_year_B,East Midlands,15
unknown_year_B,East Midlands,154
unknown_year_B,East Midlands,1053
unknown_year_B,East Midlands,1470
unknown_year_B,East Midlands,1807
unknown_year_B,East of England,1674
unknown_year_B,East of England,1947
unknown_year_B,East of England,1155
unknown_year_B,East of England,1855
unknown_year_B,East of England,436
unknown_year_B,East of England,380
unknown_year_B,East of England,89
unknown_year_B,East of England,1915
unknown_year_B,East of England,1069
unknown_year_B,East of England,38
unknown_year_B,East of England,1311
unknown_year_B,East of England,655
unknown_year_B,East of England,1129
unknown_year_B,East of England,1133
unknown_year_B,East of England,1227
unknown_year_B,East of England,645
unknown_year_B,East of England,1231
unknown_year_B,East of England,526
unknown_year_B,East of England,1468
unknown_year_B,East of England,101
unknown_year_B,East of England,725
unknown_year_B,East of England,1592
unknown_year_B,East of England,517
unknown_year_B,East of England,997
unknown_year_B,East of England,1242
unknown_year_B,East of England,1797
unknown_year_B,East of England,592
unknown_year_B,East of England,713
unknown_year_B,East of England,1000
unknown_year_B,East of England,449
unknown_year_B,East of England,520
unknown_year_B,East of England,69
unknown_year_B,East of England,711
unknown_year_B,East of England,622
unknown_year_B,East of England,1469
unknown_year_B,East of England,1516
unknown_year_B,East of England,87
unknown_year_B,East of England,282
unknown_year_B,East of England,373
unknown_year_B,East of England,1420
unknown_year_B,East of England,896
unknown_year_B,East of England,1312
unknown_year_B,East of England,826
unknown_year_B,East of England,1361
unknown_year_B,East of England,1302
unknown_year_B,East of England,305
unknown_year_B,East of England,1233
unknown_year_B,East of England,501
unknown_year_B,East of England,766
unknown_year_B,East of England,1047
unknown_year_B,East of England,1250
unknown_year_B,East of England,435
unknown_year_B,East of England,1611
unknown_year_B,East of England,1021
unknown_year_B,East of England,1755
unknown_year_B,East of England,1614
unknown_year_B,East of England,1940
unknown_year_B,East of England,2026
unknown_year_B,East of England,855
unknown_year_B,East of England,1446
unknown_year_B,East of England,1660
unknown_year_B,East of England,1621
unknown_year_B,East of England,1221
unknown_year_B,East of England,1114
unknown_year_B,East of England,1200
unknown_year_B,East of England,1857
unknown_year_B,East of England,1394
unknown_year_B,East of England,843
unknown_year_B,East of England,430
unknown_year_B,East of England,1276
unknown_year_B,East of England,986
unknown_year_B,East of England,1671
unknown_year_B,East of England,1103
unknown_year_B,East of England,1125
unknown_year_B,East of England,1062
unknown_year_B,East of England,170
unknown_year_B,East of England,956
unknown_year_B,East of England,1374
unknown_year_B,East of England,1294
unknown_year_B,East of England,1685
unknown_year_B,East of England,1343
unknown_year_B,East of England,1981
unknown_year_B,East of England,1744
unknown_year_B,East of England,1465
unknown_year_B,East of England,317
unknown_year_B,East of England,1015
unknown_year_B,East of England,900
unknown_year_B,East of England,638
unknown_year_B,East of England,144
unknown_year_B,East of England,365
unknown_year_B,East of England,1124
unknown_year_B,East of England,559
unknown_year_B,East of England,607
unknown_year_B,East of England,1726
unknown_year_B,East of England,818
unknown_year_B,East of England,514
unknown_year_B,East of England,1265
unknown_year_B,East of England,639
unknown_year_B,East of England,124
unknown_year_B,East of England,505
unknown_year_B,East of England,1461
unknown_year_B,East of England,1961
unknown_year_B,East of England,84
unknown_year_B,East of England,402
unknown_year_B,East of England,392
unknown_year_B,East of England,1303
unknown_year_B,East of England,1336
unknown_year_B,East of England,1335
unknown_year_B,East of England,1510
unknown_year_B,East of England,756
unknown_year_B,East of England,43
unknown_year_B,East of England,1180
unknown_year_B,East of England,1102
unknown_year_B,East of England,786
unknown_year_B,East of England,1956
unknown_year_B,East of England,1236
unknown_year_B,East of England,1509
unknown_year_B,East of England,418
unknown_year_B,East of England,1248
unknown_year_B,East of England,442
unknown_year_B,East of England,245
unknown_year_B,East of England,1183
unknown_year_B,East of England,1617
unknown_year_B,East of England,174
unknown_year_B,East of England,565
unknown_year_B,East of England,970
unknown_year_B,East of England,1144
unknown_year_B,East of England,1225
unknown_year_B,East of England,1422
unknown_year_B,East of England,1157
unknown_year_B,East of England,1417
unknown_year_B,East of England,1284
unknown_year_B,Kent Surrey and Sussex,1323
unknown_year_B,Kent Surrey and Sussex,1907
unknown_year_B,Kent Surrey and Sussex,1740
unknown_year_B,Kent Surrey and Sussex,744
unknown_year_B,Kent Surrey and Sussex,1557
unknown_year_B,Kent Surrey and Sussex,699
unknown_year_B,Kent Surrey and Sussex,521
unknown_year_B,Kent Surrey and Sussex,963
unknown_year_B,Kent Surrey and Sussex,397
unknown_year_B,Kent Surrey and Sussex,222
unknown_year_B,Kent Surrey and Sussex,1212
unknown_year_B,Kent Surrey and Sussex,1080
unknown_year_B,Kent Surrey and Sussex,1838
unknown_year_B,Kent Surrey and Sussex,1243
unknown_year_B,Kent Surrey and Sussex,1586
unknown_year_B,Kent Surrey and Sussex,1489
unknown_year_B,Kent Surrey and Sussex,1694
unknown_year_B,Kent Surrey and Sussex,590
unknown_year_B,Kent Surrey and Sussex,1423
unknown_year_B,Kent Surrey and Sussex,1156
unknown_year_B,Kent Surrey and Sussex,1362
unknown_year_B,Kent Surrey and Sussex,902
unknown_year_B,Kent Surrey and Sussex,1444
unknown_year_B,Kent Surrey and Sussex,1637
unknown_year_B,Kent Surrey and Sussex,1228
unknown_year_B,Kent Surrey and Sussex,777
unknown_year_B,Kent Surrey and Sussex,1688
unknown_year_B,Kent Surrey and Sussex,1921
unknown_year_B,Kent Surrey and Sussex,483
unknown_year_B,Kent Surrey and Sussex,1090
unknown_year_B,Kent Surrey and Sussex,971
unknown_year_B,Kent Surrey and Sussex,1781
unknown_year_B,Kent Surrey and Sussex,790
unknown_year_B,Kent Surrey and Sussex,1553
unknown_year_B,Kent Surrey and Sussex,1958
unknown_year_B,Kent Surrey and Sussex,1066
unknown_year_B,Kent Surrey and Sussex,916
unknown_year_B,Kent Surrey and Sussex,1113
unknown_year_B,Kent Surrey and Sussex,1232
unknown_year_B,Kent Surrey and Sussex,1775
unknown_year_B,Kent Surrey and Sussex,1532
unknown_year_B,Kent Surrey and Sussex,547
unknown_year_B,Kent Surrey and Sussex,1171
unknown_year_B,Kent Surrey and Sussex,605
unknown_year_B,Kent Surrey and Sussex,1608
unknown_year_B,Kent Surrey and Sussex,1029
unknown_year_B,Kent Surrey and Sussex,513
unknown_year_B,Kent Surrey and Sussex,1306
unknown_year_B,Kent Surrey and Sussex,1071
unknown_year_B,Kent Surrey and Sussex,898
unknown_year_B,Kent Surrey and Sussex,1218
unknown_year_B,Kent Surrey and Sussex,1458
unknown_year_B,Kent Surrey and Sussex,1773
unknown_year_B,Kent Surrey and Sussex,747
unknown_year_B,Kent Surrey and Sussex,1366
unknown_year_B,Kent Surrey and Sussex,1204
unknown_year_B,Kent Surrey and Sussex,1234
unknown_year_B,Kent Surrey and Sussex,1237
unknown_year_B,Kent Surrey and Sussex,995
unknown_year_B,Kent Surrey and Sussex,644
unknown_year_B,Kent Surrey and Sussex,1346
unknown_year_B,Kent Surrey and Sussex,1179
unknown_year_B,Kent Surrey and Sussex,1341
unknown_year_B,Kent Surrey and Sussex,1703
unknown_year_B,Kent Surrey and Sussex,1914
unknown_year_B,Kent Surrey and Sussex,1929
unknown_year_B,Kent Surrey and Sussex,1992
unknown_year_B,Kent Surrey and Sussex,1923
unknown_year_B,Kent Surrey and Sussex,878
unknown_year_B,Kent Surrey and Sussex,1397
unknown_year_B,Kent Surrey and Sussex,637
unknown_year_B,Kent Surrey and Sussex,919
unknown_year_B,Kent Surrey and Sussex,1786
unknown_year_B,Kent Surrey and Sussex,1407
unknown_year_B,Kent Surrey and Sussex,1387
unknown_year_B,Kent Surrey and Sussex,1257
unknown_year_B,Kent Surrey and Sussex,1953
unknown_year_B,Kent Surrey and Sussex,251
unknown_year_B,Kent Surrey and Sussex,1290
unknown_year_B,Kent Surrey and Sussex,1122
unknown_year_B,Kent Surrey and Sussex,1479
unknown_year_B,Kent Surrey and Sussex,1942
unknown_year_B,Kent Surrey and Sussex,886
unknown_year_B,Kent Surrey and Sussex,18
unknown_year_B,Kent Surrey and Sussex,39
unknown_year_B,Kent Surrey and Sussex,34
unknown_year_B,Kent Surrey and Sussex,1971
unknown_year_B,Kent Surrey and Sussex,142
unknown_year_B,Kent Surrey and Sussex,1872
unknown_year_B,Kent Surrey and Sussex,1708
unknown_year_B,Kent Surrey and Sussex,1134
unknown_year_B,Kent Surrey and Sussex,791
unknown_year_B,Kent Surrey and Sussex,1647
unknown_year_B,Kent Surrey and Sussex,60
unknown_year_B,Kent Surrey and Sussex,717
unknown_year_B,Kent Surrey and Sussex,345
unknown_year_B,Kent Surrey and Sussex,1490
unknown_year_B,Kent Surrey and Sussex,1880
unknown_year_B,Kent Surrey and Sussex,1848
unknown_year_B,Kent Surrey and Sussex,1043
unknown_year_B,Kent Surrey and Sussex,1558
unknown_year_B,Kent Surrey and Sussex,945
unknown_year_B,Kent Surrey and Sussex,1253
unknown_year_B,Kent Surrey and Sussex,455
unknown_year_B,Kent Surrey and Sussex,1024
unknown_year_B,Kent Surrey and Sussex,1073
unknown_year_B,Kent Surrey and Sussex,1088
unknown_year_B,Kent Surrey and Sussex,1426
unknown_year_B,Kent Surrey and Sussex,1573
unknown_year_B,Kent Surrey and Sussex,908
unknown_year_B,Kent Surrey and Sussex,1597
unknown_year_B,Kent Surrey and Sussex,1340
unknown_year_B,Kent Surrey and Sussex,1199
unknown_year_B,Kent Surrey and Sussex,1776
unknown_year_B,Kent Surrey and Sussex,891
unknown_year_B,Kent Surrey and Sussex,1410
unknown_year_B,Kent Surrey and Sussex,1993
unknown_year_B,Kent Surrey and Sussex,1247
unknown_year_B,Kent Surrey and Sussex,1077
unknown_year_B,Kent Surrey and Sussex,1619
unknown_year_B,Kent Surrey and Sussex,734
unknown_year_B,Kent Surrey and Sussex,1382
unknown_year_B,Kent Surrey and Sussex,599
unknown_year_B,London,136
unknown_year_B,London,333
unknown_year_B,London,26
unknown_year_B,London,160
unknown_year_B,London,68
unknown_year_B,London,899
unknown_year_B,London,24
unknown_year_B,London,692
unknown_year_B,London,566
unknown_year_B,London,382
unknown_year_B,London,104
unknown_year_B,London,630
unknown_year_B,London,937
unknown_year_B,London,393
unknown_year_B,London,542
unknown_year_B,London,985
unknown_year_B,London,25
unknown_year_B,London,6
unknown_year_B,London,123
unknown_year_B,London,278
unknown_year_B,London,286
unknown_year_B,London,917
unknown_year_B,London,740
unknown_year_B,London,327
unknown_year_B,London,59
unknown_year_B,London,779
unknown_year_B,London,788
unknown_year_B,London,100
unknown_year_B,London,200
unknown_year_B,London,860
unknown_year_B,London,42
unknown_year_B,London,329
unknown_year_B,London,571
unknown_year_B,London,531
unknown_year_B,London,106
unknown_year_B,London,613
unknown_year_B,London,936
unknown_year_B,London,241
unknown_year_B,London,696
unknown_year_B,London,140
unknown_year_B,London,83
unknown_year_B,London,275
unknown_year_B,London,983
unknown_year_B,London,386
unknown_year_B,London,810
unknown_year_B,London,477
unknown_year_B,London,372
unknown_year_B,London,198
unknown_year_B,London,199
unknown_year_B,London,465
unknown_year_B,London,293
unknown_year_B,London,36
unknown_year_B,London,534
unknown_year_B,London,48
unknown_year_B,London,77
unknown_year_B,London,659
unknown_year_B,London,168
unknown_year_B,London,357
unknown_year_B,London,447
unknown_year_B,London,981
unknown_year_B,London,92
unknown_year_B,London,246
unknown_year_B,London,459
unknown_year_B,London,166
unknown_year_B,London,105
unknown_year_B,London,493
unknown_year_B,London,150
unknown_year_B,London,261
unknown_year_B,London,646
unknown_year_B,London,479
unknown_year_B,London,1005
unknown_year_B,London,78
unknown_year_B,London,350
unknown_year_B,London,543
unknown_year_B,London,589
unknown_year_B,London,458
unknown_year_B,London,3
unknown_year_B,London,480
unknown_year_B,London,11
unknown_year_B,London,195
unknown_year_B,London,552
unknown_year_B,London,539
unknown_year_B,London,349
unknown_year_B,London,728
unknown_year_B,London,108
unknown_year_B,London,557
unknown_year_B,London,664
unknown_year_B,London,356
unknown_year_B,London,857
unknown_year_B,London,800
unknown_year_B,London,684
unknown_year_B,London,295
unknown_year_B,London,686
unknown_year_B,London,907
unknown_year_B,London,65
unknown_year_B,London,127
unknown_year_B,London,468
unknown_year_B,London,858
unknown_year_B,London,320
unknown_year_B,London,879
unknown_year_B,London,316
unknown_year_B,London,94
unknown_year_B,London,825
unknown_year_B,London,182
unknown_year_B,London,753
unknown_year_B,London,509
unknown_year_B,London,816
unknown_year_B,London,62
unknown_year_B,London,97
unknown_year_B,London,495
unknown_year_B,London,321
unknown_year_B,London,221
unknown_year_B,London,243
unknown_year_B,London,51
unknown_year_B,London,583
unknown_year_B,London,383
unknown_year_B,London,1056
unknown_year_B,London,751
unknown_year_B,London,609
unknown_year_B,London,139
unknown_year_B,London,965
unknown_year_B,London,152
unknown_year_B,London,7
unknown_year_B,London,307
unknown_year_B,London,733
unknown_year_B,London,632
unknown_year_B,London,208
unknown_year_B,London,951
unknown_year_B,London,318
unknown_year_B,London,377
unknown_year_B,London,811
unknown_year_B,London,398
unknown_year_B,London,176
unknown_year_B,London,328
unknown_year_B,London,415
unknown_year_B,London,431
unknown_year_B,London,597
unknown_year_B,London,9
unknown_year_B,London,404
unknown_year_B,London,76
unknown_year_B,London,750
unknown_year_B,London,66
unknown_year_B,London,91
unknown_year_B,London,948
unknown_year_B,London,332
unknown_year_B,London,314
unknown_year_B,London,518
unknown_year_B,London,61
unknown_year_B,London,163
unknown_year_B,London,50
unknown_year_B,London,225
unknown_year_B,London,80
unknown_year_B,London,28
unknown_year_B,London,173
unknown_year_B,London,17
unknown_year_B,London,171
unknown_year_B,London,890
unknown_year_B,London,457
unknown_year_B,London,303
unknown_year_B,London,845
unknown_year_B,London,831
unknown_year_B,London,53
unknown_year_B,London,86
unknown_year_B,London,20
unknown_year_B,London,115
unknown_year_B,London,280
unknown_year_B,London,584
unknown_year_B,London,573
unknown_year_B,London,469
unknown_year_B,London,574
unknown_year_B,London,536
unknown_year_B,London,422
unknown_year_B,London,451
unknown_year_B,London,885
unknown_year_B,London,352
unknown_year_B,London,157
unknown_year_B,London,353
unknown_year_B,London,388
unknown_year_B,London,72
unknown_year_B,London,640
unknown_year_B,London,862
unknown_year_B,London,334
unknown_year_B,London,212
unknown_year_B,London,1049
unknown_year_B,London,504
unknown_year_B,London,544
unknown_year_B,London,802
unknown_year_B,London,426
unknown_year_B,London,979
unknown_year_B,London,555
unknown_year_B,London,499
unknown_year_B,London,194
unknown_year_B,London,27
unknown_year_B,London,364
unknown_year_B,London,16
unknown_year_B,London,348
unknown_year_B,London,188
unknown_year_B,London,754
unknown_year_B,London,934
unknown_year_B,London,576
unknown_year_B,London,636
unknown_year_B,London,235
unknown_year_B,London,814
unknown_year_B,London,683
unknown_year_B,London,761
unknown_year_B,London,652
unknown_year_B,London,151
unknown_year_B,London,697
unknown_year_B,London,624
unknown_year_B,London,361
unknown_year_B,London,109
unknown_year_B,London,949
unknown_year_B,London,155
unknown_year_B,London,186
unknown_year_B,London,943
unknown_year_B,London,846
unknown_year_B,London,44
unknown_year_B,London,807
unknown_year_B,London,585
unknown_year_B,London,112
unknown_year_B,London,71
unknown_year_B,London,548
unknown_year_B,London,202
unknown_year_B,London,901
unknown_year_B,London,205
unknown_year_B,London,258
unknown_year_B,London,322
unknown_year_B,London,701
unknown_year_B,London,695
unknown_year_B,London,472
unknown_year_B,London,215
unknown_year_B,London,866
unknown_year_B,London,167
unknown_year_B,London,70
unknown_year_B,London,289
unknown_year_B,London,145
unknown_year_B,London,49
unknown_year_B,London,75
unknown_year_B,London,4
unknown_year_B,London,335
unknown_year_B,London,211
unknown_year_B,London,210
unknown_year_B,London,910
unknown_year_B,London,313
unknown_year_B,London,1
unknown_year_B,London,586
unknown_year_B,London,217
unknown_year_B,London,379
unknown_year_B,London,755
unknown_year_B,London,760
unknown_year_B,London,135
unknown_year_B,London,191
unknown_year_B,London,149
unknown_year_B,London,792
unknown_year_B,London,116
unknown_year_B,North East,1918
unknown_year_B,North East,1580
unknown_year_B,North East,616
unknown_year_B,North East,1036
unknown_year_B,North East,752
unknown_year_B,North East,1094
unknown_year_B,North East,129
unknown_year_B,North East,1427
unknown_year_B,North East,1702
unknown_year_B,North East,628
unknown_year_B,North East,1400
unknown_year_B,North East,1194
unknown_year_B,North East,285
unknown_year_B,North East,1649
unknown_year_B,North East,935
unknown_year_B,North East,1241
unknown_year_B,North East,925
unknown_year_B,North East,1594
unknown_year_B,North East,1847
unknown_year_B,North East,698
unknown_year_B,North East,394
unknown_year_B,North East,553
unknown_year_B,North East,1186
unknown_year_B,North East,1059
unknown_year_B,North East,256
unknown_year_B,North East,1615
unknown_year_B,North East,813
unknown_year_B,North East,1705
unknown_year_B,North East,972
unknown_year_B,North East,873
unknown_year_B,North East,1165
unknown_year_B,North East,1839
unknown_year_B,North East,1525
unknown_year_B,North East,1936
unknown_year_B,North East,1190
unknown_year_B,North East,1318
unknown_year_B,North East,556
unknown_year_B,North East,588
unknown_year_B,North East,219
unknown_year_B,North East,102
unknown_year_B,North East,1675
unknown_year_B,North East,1989
unknown_year_B,North East,1289
unknown_year_B,North East,1698
unknown_year_B,North East,324
unknown_year_B,North East,1959
unknown_year_B,North East,1609
unknown_year_B,North East,969
unknown_year_B,North East,1544
unknown_year_B,North East,1687
unknown_year_B,North East,1550
unknown_year_B,North East,950
unknown_year_B,North East,569
unknown_year_B,North East,1567
unknown_year_B,North East,1338
unknown_year_B,North East,2023
unknown_year_B,North East,265
unknown_year_B,North East,1565
unknown_year_B,North East,1852
unknown_year_B,North East,1466
unknown_year_B,North East,1745
unknown_year_B,North East,1566
unknown_year_B,North East,883
unknown_year_B,North East,762
unknown_year_B,North East,1002
unknown_year_B,North East,1191
unknown_year_B,North East,500
unknown_year_B,North East,626
unknown_year_B,North East,1494
unknown_year_B,North East,537
unknown_year_B,North East,268
unknown_year_B,North East,895
unknown_year_B,North East,1327
unknown_year_B,North East,85
unknown_year_B,North East,1019
unknown_year_B,North East,1963
unknown_year_B,North East,1009
unknown_year_B,North East,1035
unknown_year_B,North East,341
unknown_year_B,North East,248
unknown_year_B,North East,206
unknown_year_B,North West - Mersey,603
unknown_year_B,North West - Mersey,10
unknown_year_B,North West - Mersey,1453
unknown_year_B,North West - Mersey,1119
unknown_year_B,North West - Mersey,1513
unknown_year_B,North West - Mersey,82
unknown_year_B,North West - Mersey,1520
unknown_year_B,North West - Mersey,1310
unknown_year_B,North West - Mersey,1832
unknown_year_B,North West - Mersey,1892
unknown_year_B,North West - Mersey,338
unknown_year_B,North West - Mersey,1777
unknown_year_B,North West - Mersey,1367
unknown_year_B,North West - Mersey,1070
unknown_year_B,North West - Mersey,1861
unknown_year_B,North West - Mersey,693
unknown_year_B,North West - Mersey,419
unknown_year_B,North West - Mersey,1064
unknown_year_B,North West - Mersey,1456
unknown_year_B,North West - Mersey,1116
unknown_year_B,North West - Mersey,1530
unknown_year_B,North West - Mersey,723
unknown_year_B,North West - Mersey,1669
unknown_year_B,North West - Mersey,1604
unknown_year_B,North West - Mersey,1391
unknown_year_B,North West - Mersey,299
unknown_year_B,North West - Mersey,1315
unknown_year_B,North West - Mersey,1210
unknown_year_B,North West - Mersey,1369
unknown_year_B,North West - Mersey,1197
unknown_year_B,North West - Mersey,1372
unknown_year_B,North West - Mersey,1373
unknown_year_B,North West - Mersey,1667
unknown_year_B,North West - Mersey,1363
unknown_year_B,North West - Mersey,378
unknown_year_B,North West - Mersey,1104
unknown_year_B,North West - Mersey,1395
unknown_year_B,North West - Mersey,1408
unknown_year_B,North West - Mersey,420
unknown_year_B,North West - Mersey,1334
unknown_year_B,North West - Mersey,828
unknown_year_B,North West - Mersey,1877
unknown_year_B,North West - Mersey,269
unknown_year_B,North West - Mersey,1581
unknown_year_B,North West - Mersey,1572
unknown_year_B,North West - Mersey,1631
unknown_year_B,North West - Mersey,909
unknown_year_B,North West - Mersey,1481
unknown_year_B,North West - Mersey,1193
unknown_year_B,North West - Mersey,1541
unknown_year_B,North West - Mersey,1150
unknown_year_B,North West - Mersey,1539
unknown_year_B,North West - Mersey,767
unknown_year_B,North West - Mersey,1001
unknown_year_B,North West - Mersey,343
unknown_year_B,North West - Mersey,1540
unknown_year_B,North West - Mersey,1715
unknown_year_B,North West - Mersey,1487
unknown_year_B,North West - Mersey,1455
unknown_year_B,North West - Mersey,1097
unknown_year_B,North West - Mersey,1833
unknown_year_B,North West - Mersey,1411
unknown_year_B,North West - Mersey,1185
unknown_year_B,North West - Mersey,1721
unknown_year_B,North West - Mersey,1385
unknown_year_B,North West - Mersey,1089
unknown_year_B,North West - Mersey,1582
unknown_year_B,North West - Mersey,1499
unknown_year_B,North West - Mersey,1178
unknown_year_B,North West - Mersey,1605
unknown_year_B,North West - North West,967
unknown_year_B,North West - North West,1184
unknown_year_B,North West - North West,1040
unknown_year_B,North West - North West,973
unknown_year_B,North West - North West,654
unknown_year_B,North West - North West,1511
unknown_year_B,North West - North West,1309
unknown_year_B,North West - North West,111
unknown_year_B,North West - North West,1980
unknown_year_B,North West - North West,1100
unknown_year_B,North West - North West,774
unknown_year_B,North West - North West,1873
unknown_year_B,North West - North West,1141
unknown_year_B,North West - North West,367
unknown_year_B,North West - North West,1868
unknown_year_B,North West - North West,1034
unknown_year_B,North West - North West,776
unknown_year_B,North West - North West,73
unknown_year_B,North West - North West,1328
unknown_year_B,North West - North West,642
unknown_year_B,North West - North West,1281
unknown_year_B,North West - North West,165
unknown_year_B,North West - North West,1641
unknown_year_B,North West - North West,14
unknown_year_B,North West - North West,712
unknown_year_B,North West - North West,880
unknown_year_B,North West - North West,821
unknown_year_B,North West - North West,763
unknown_year_B,North West - North West,233
unknown_year_B,North West - North West,1399
unknown_year_B,North West - North West,1028
unknown_year_B,North West - North West,52
unknown_year_B,North West - North West,677
unknown_year_B,North West - North West,406
unknown_year_B,North West - North West,1123
unknown_year_B,North West - North West,1782
unknown_year_B,North West - North West,604
unknown_year_B,North West - North West,158
unknown_year_B,North West - North West,138
unknown_year_B,North West - North West,691
unknown_year_B,North West - North West,309
unknown_year_B,North West - North West,473
unknown_year_B,North West - North West,1808
unknown_year_B,North West - North West,121
unknown_year_B,North West - North West,2136
unknown_year_B,North West - North West,577
unknown_year_B,North West - North West,274
unknown_year_B,North West - North West,837
unknown_year_B,North West - North West,1829
unknown_year_B,North West - North West,1714
unknown_year_B,North West - North West,523
unknown_year_B,North West - North West,1063
unknown_year_B,North West - North West,822
unknown_year_B,North West - North West,1941
unknown_year_B,North West - North West,181
unknown_year_B,North West - North West,88
unknown_year_B,North West - North West,1752
unknown_year_B,North West - North West,625
unknown_year_B,North West - North West,1662
unknown_year_B,North West - North West,931
unknown_year_B,North West - North West,870
unknown_year_B,North West - North West,1814
unknown_year_B,North West - North West,1610
unknown_year_B,North West - North West,737
unknown_year_B,North West - North West,635
unknown_year_B,North West - North West,1935
unknown_year_B,North West - North West,110
unknown_year_B,North West - North West,1517
unknown_year_B,North West - North West,849
unknown_year_B,North West - North West,23
unknown_year_B,North West - North West,508
unknown_year_B,North West - North West,823
unknown_year_B,North West - North West,134
unknown_year_B,North West - North West,74
unknown_year_B,North West - North West,441
unknown_year_B,North West - North West,301
unknown_year_B,North West - North West,395
unknown_year_B,North West - North West,864
unknown_year_B,North West - North West,471
unknown_year_B,North West - North West,954
unknown_year_B,North West - North West,1653
unknown_year_B,North West - North West,204
unknown_year_B,North West - North West,702
unknown_year_B,North West - North West,587
unknown_year_B,North West - North West,793
unknown_year_B,North West - North West,817
unknown_year_B,North West - North West,727
unknown_year_B,North West - North West,1686
unknown_year_B,North West - North West,946
unknown_year_B,North West - North West,736
unknown_year_B,North West - North West,1559
unknown_year_B,North West - North West,982
unknown_year_B,North West - North West,660
unknown_year_B,North West - North West,952
unknown_year_B,North West - North West,58
unknown_year_B,North West - North West,257
unknown_year_B,North West - North West,868
unknown_year_B,North West - North West,234
unknown_year_B,North West - North West,960
unknown_year_B,North West - North West,1042
unknown_year_B,North West - North West,485
unknown_year_B,North West - North West,614
unknown_year_B,North West - North West,805
unknown_year_B,North West - North West,1950
unknown_year_B,North West - North West,226
unknown_year_B,Northern Ireland,2087
unknown_year_B,Northern Ireland,466
unknown_year_B,Northern Ireland,5
unknown_year_B,Northern Ireland,1261
unknown_year_B,Northern Ireland,98
unknown_year_B,Northern Ireland,1038
unknown_year_B,Northern Ireland,271
unknown_year_B,Northern Ireland,2169
unknown_year_B,Northern Ireland,2146
unknown_year_B,Northern Ireland,425
unknown_year_B,Northern Ireland,2121
unknown_year_B,Northern Ireland,2164
unknown_year_B,Northern Ireland,311
unknown_year_B,Northern Ireland,1627
unknown_year_B,Northern Ireland,2094
unknown_year_B,Northern Ireland,1240
unknown_year_B,Northern Ireland,2203
unknown_year_B,Northern Ireland,2175
unknown_year_B,Northern Ireland,2205
unknown_year_B,Northern Ireland,2179
unknown_year_B,Northern Ireland,190
unknown_year_B,Northern Ireland,2135
unknown_year_B,Northern Ireland,2159
unknown_year_B,Northern Ireland,1938
unknown_year_B,Northern Ireland,2221
unknown_year_B,Northern Ireland,2070
unknown_year_B,Northern Ireland,842
unknown_year_B,Northern Ireland,2177
unknown_year_B,Northern Ireland,1267
unknown_year_B,Northern Ireland,2154
unknown_year_B,Northern Ireland,358
unknown_year_B,Northern Ireland,237
unknown_year_B,Northern Ireland,2041
unknown_year_B,Northern Ireland,19
unknown_year_B,Northern Ireland,1830
unknown_year_B,Northern Ireland,2155
unknown_year_B,Northern Ireland,2071
unknown_year_B,Northern Ireland,2187
unknown_year_B,Northern Ireland,2193
unknown_year_B,Northern Ireland,2123
unknown_year_B,Northern Ireland,454
unknown_year_B,Northern Ireland,2137
unknown_year_B,Northern Ireland,2184
unknown_year_B,Northern Ireland,2226
unknown_year_B,Northern Ireland,674
unknown_year_B,Northern Ireland,2095
unknown_year_B,Northern Ireland,1798
unknown_year_B,Northern Ireland,2126
unknown_year_B,Northern Ireland,2133
unknown_year_B,Northern Ireland,1897
unknown_year_B,Northern Ireland,1778
unknown_year_B,Northern Ireland,2215
unknown_year_B,Northern Ireland,315
unknown_year_B,Northern Ireland,2183
unknown_year_B,Northern Ireland,376
unknown_year_B,Northern Ireland,2176
unknown_year_B,Northern Ireland,2172
unknown_year_B,Northern Ireland,2195
unknown_year_B,Northern Ireland,2061
unknown_year_B,Northern Ireland,2150
unknown_year_B,Northern Ireland,2163
unknown_year_B,Northern Ireland,2180
unknown_year_B,Northern Ireland,1999
unknown_year_B,Northern Ireland,2218
unknown_year_B,Northern Ireland,2182
unknown_year_B,Scotland,1576
unknown_year_B,Scotland,1202
unknown_year_B,Scotland,1421
unknown_year_B,Scotland,453
unknown_year_B,Scotland,1128
unknown_year_B,Scotland,933
unknown_year_B,Scotland,888
unknown_year_B,Scotland,529
unknown_year_B,Scotland,362
unknown_year_B,Scotland,719
unknown_year_B,Scotland,833
unknown_year_B,Scotland,797
unknown_year_B,Scotland,859
unknown_year_B,Scotland,1812
unknown_year_B,Scotland,1295
unknown_year_B,Scotland,703
unknown_year_B,Scotland,687
unknown_year_B,Scotland,156
unknown_year_B,Scotland,1756
unknown_year_B,Scotland,1235
unknown_year_B,Scotland,975
unknown_year_B,Scotland,375
unknown_year_B,Scotland,580
unknown_year_B,Scotland,1463
unknown_year_B,Scotland,1663
unknown_year_B,Scotland,302
unknown_year_B,Scotland,1883
unknown_year_B,Scotland,113
unknown_year_B,Scotland,413
unknown_year_B,Scotland,1779
unknown_year_B,Scotland,141
unknown_year_B,Scotland,131
unknown_year_B,Scotland,570
unknown_year_B,Scotland,239
unknown_year_B,Scotland,1508
unknown_year_B,Scotland,1727
unknown_year_B,Scotland,1680
unknown_year_B,Scotland,1578
unknown_year_B,Scotland,35
unknown_year_B,Scotland,260
unknown_year_B,Scotland,1595
unknown_year_B,Scotland,287
unknown_year_B,Scotland,1879
unknown_year_B,Scotland,1108
unknown_year_B,Scotland,1527
unknown_year_B,Scotland,355
unknown_year_B,Scotland,370
unknown_year_B,Scotland,787
unknown_year_B,Scotland,249
unknown_year_B,Scotland,1148
unknown_year_B,Scotland,114
unknown_year_B,Scotland,1547
unknown_year_B,Scotland,1307
unknown_year_B,Scotland,871
unknown_year_B,Scotland,714
unknown_year_B,Scotland,1083
unknown_year_B,Scotland,834
unknown_year_B,Scotland,93
unknown_year_B,Scotland,56
unknown_year_B,Scotland,1717
unknown_year_B,Scotland,1169
unknown_year_B,Scotland,125
unknown_year_B,Scotland,1441
unknown_year_B,Scotland,1037
unknown_year_B,Scotland,1177
unknown_year_B,Scotland,1618
unknown_year_B,Scotland,143
unknown_year_B,Scotland,582
unknown_year_B,Scotland,1758
unknown_year_B,Scotland,1904
unknown_year_B,Scotland,1230
unknown_year_B,Scotland,1789
unknown_year_B,Scotland,148
unknown_year_B,Scotland,889
unknown_year_B,Scotland,942
unknown_year_B,Scotland,940
unknown_year_B,Scotland,1457
unknown_year_B,Scotland,1226
unknown_year_B,Scotland,794
unknown_year_B,Scotland,1145
unknown_year_B,Scotland,1560
unknown_year_B,Scotland,964
unknown_year_B,Scotland,270
unknown_year_B,Scotland,662
unknown_year_B,Scotland,437
unknown_year_B,Scotland,657
unknown_year_B,Scotland,546
unknown_year_B,Scotland,708
unknown_year_B,Scotland,1381
unknown_year_B,Scotland,738
unknown_year_B,Scotland,775
unknown_year_B,Scotland,1729
unknown_year_B,Scotland,927
unknown_year_B,Scotland,67
unknown_year_B,Scotland,1389
unknown_year_B,Scotland,850
unknown_year_B,Scotland,1166
unknown_year_B,Scotland,1725
unknown_year_B,South West - Peninsula,1737
unknown_year_B,South West - Peninsula,996
unknown_year_B,South West - Peninsula,2031
unknown_year_B,South West - Peninsula,1646
unknown_year_B,South West - Peninsula,1078
unknown_year_B,South West - Peninsula,1910
unknown_year_B,South West - Peninsula,1632
unknown_year_B,South West - Peninsula,1932
unknown_year_B,South West - Peninsula,2021
unknown_year_B,South West - Peninsula,666
unknown_year_B,South West - Peninsula,1215
unknown_year_B,South West - Peninsula,1416
unknown_year_B,South West - Peninsula,1392
unknown_year_B,South West - Peninsula,1440
unknown_year_B,South West - Peninsula,1626
unknown_year_B,South West - Peninsula,2032
unknown_year_B,South West - Peninsula,812
unknown_year_B,South West - Peninsula,297
unknown_year_B,South West - Peninsula,1067
unknown_year_B,South West - Peninsula,1920
unknown_year_B,South West - Peninsula,1668
unknown_year_B,South West - Peninsula,1991
unknown_year_B,South West - Peninsula,2013
unknown_year_B,South West - Peninsula,1766
unknown_year_B,South West - Peninsula,1792
unknown_year_B,South West - Peninsula,223
unknown_year_B,South West - Peninsula,1804
unknown_year_B,South West - Peninsula,403
unknown_year_B,South West - Peninsula,1979
unknown_year_B,South West - Peninsula,839
unknown_year_B,South West - Peninsula,1379
unknown_year_B,South West - Peninsula,980
unknown_year_B,South West - Peninsula,798
unknown_year_B,South West - Peninsula,178
unknown_year_B,South West - Peninsula,796
unknown_year_B,South West - Peninsula,1930
unknown_year_B,South West - Peninsula,276
unknown_year_B,South West - Peninsula,336
unknown_year_B,South West - Peninsula,1386
unknown_year_B,South West - Peninsula,1635
unknown_year_B,South West - Peninsula,1396
unknown_year_B,South West - Peninsula,765
unknown_year_B,South West - Peninsula,648
unknown_year_B,South West - Severn,560
unknown_year_B,South West - Severn,201
unknown_year_B,South West - Severn,464
unknown_year_B,South West - Severn,528
unknown_year_B,South West - Severn,1262
unknown_year_B,South West - Severn,1347
unknown_year_B,South West - Severn,1821
unknown_year_B,South West - Severn,724
unknown_year_B,South West - Severn,623
unknown_year_B,South West - Severn,452
unknown_year_B,South West - Severn,63
unknown_year_B,South West - Severn,999
unknown_year_B,South West - Severn,707
unknown_year_B,South West - Severn,193
unknown_year_B,South West - Severn,292
unknown_year_B,South West - Severn,1163
unknown_year_B,South West - Severn,838
unknown_year_B,South West - Severn,1167
unknown_year_B,South West - Severn,438
unknown_year_B,South West - Severn,932
unknown_year_B,South West - Severn,354
unknown_year_B,South West - Severn,641
unknown_year_B,South West - Severn,487
unknown_year_B,South West - Severn,411
unknown_year_B,South West - Severn,130
unknown_year_B,South West - Severn,675
unknown_year_B,South West - Severn,533
unknown_year_B,South West - Severn,1007
unknown_year_B,South West - Severn,1780
unknown_year_B,South West - Severn,396
unknown_year_B,South West - Severn,510
unknown_year_B,South West - Severn,432
unknown_year_B,South West - Severn,618
unknown_year_B,South West - Severn,930
unknown_year_B,South West - Severn,126
unknown_year_B,South West - Severn,1589
unknown_year_B,South West - Severn,1291
unknown_year_B,South West - Severn,175
unknown_year_B,South West - Severn,606
unknown_year_B,South West - Severn,667
unknown_year_B,South West - Severn,854
unknown_year_B,South West - Severn,865
unknown_year_B,South West - Severn,488
unknown_year_B,South West - Severn,192
unknown_year_B,South West - Severn,809
unknown_year_B,South West - Severn,741
unknown_year_B,South West - Severn,47
unknown_year_B,South West - Severn,95
unknown_year_B,South West - Severn,103
unknown_year_B,South West - Severn,783
unknown_year_B,South West - Severn,55
unknown_year_B,South West - Severn,325
unknown_year_B,South West - Severn,133
unknown_year_B,South West - Severn,1162
unknown_year_B,South West - Severn,161
unknown_year_B,Thames Valley,549
unknown_year_B,Thames Valley,643
unknown_year_B,Thames Valley,1239
unknown_year_B,Thames Valley,1173
unknown_year_B,Thames Valley,1342
unknown_year_B,Thames Valley,298
unknown_year_B,Thames Valley,1151
unknown_year_B,Thames Valley,617
unknown_year_B,Thames Valley,363
unknown_year_B,Thames Valley,905
unknown_year_B,Thames Valley,1201
unknown_year_B,Thames Valley,2097
unknown_year_B,Thames Valley,224
unknown_year_B,Thames Valley,387
unknown_year_B,Thames Valley,291
unknown_year_B,Thames Valley,772
unknown_year_B,Thames Valley,922
unknown_year_B,Thames Valley,716
unknown_year_B,Thames Valley,709
unknown_year_B,Thames Valley,567
unknown_year_B,Thames Valley,1174
unknown_year_B,Thames Valley,519
unknown_year_B,Thames Valley,498
unknown_year_B,Thames Valley,502
unknown_year_B,Thames Valley,180
unknown_year_B,Thames Valley,540
unknown_year_B,Thames Valley,602
unknown_year_B,Thames Valley,1495
unknown_year_B,Thames Valley,344
unknown_year_B,Thames Valley,137
unknown_year_B,Thames Valley,690
unknown_year_B,Thames Valley,844
unknown_year_B,Thames Valley,1072
unknown_year_B,Thames Valley,288
unknown_year_B,Thames Valley,177
unknown_year_B,Thames Valley,601
unknown_year_B,Thames Valley,496
unknown_year_B,Thames Valley,475
unknown_year_B,Thames Valley,1393
unknown_year_B,Thames Valley,694
unknown_year_B,Thames Valley,1365
unknown_year_B,Thames Valley,974
unknown_year_B,Thames Valley,1045
unknown_year_B,Thames Valley,1207
unknown_year_B,Thames Valley,1260
unknown_year_B,Thames Valley,117
unknown_year_B,Thames Valley,427
unknown_year_B,Thames Valley,820
unknown_year_B,Thames Valley,541
unknown_year_B,Thames Valley,1095
unknown_year_B,Thames Valley,819
unknown_year_B,Thames Valley,229
unknown_year_B,Thames Valley,463
unknown_year_B,Thames Valley,608
unknown_year_B,Thames Valley,264
unknown_year_B,Thames Valley,1013
unknown_year_B,Thames Valley,770
unknown_year_B,Thames Valley,926
unknown_year_B,Wales,2072
unknown_year_B,Wales,331
unknown_year_B,Wales,957
unknown_year_B,Wales,2079
unknown_year_B,Wales,2076
unknown_year_B,Wales,1925
unknown_year_B,Wales,1793
unknown_year_B,Wales,1314
unknown_year_B,Wales,2007
unknown_year_B,Wales,1911
unknown_year_B,Wales,1860
unknown_year_B,Wales,1738
unknown_year_B,Wales,1665
unknown_year_B,Wales,2106
unknown_year_B,Wales,1213
unknown_year_B,Wales,1710
unknown_year_B,Wales,680
unknown_year_B,Wales,1216
unknown_year_B,Wales,1716
unknown_year_B,Wales,2100
unknown_year_B,Wales,389
unknown_year_B,Wales,2113
unknown_year_B,Wales,1115
unknown_year_B,Wales,1112
unknown_year_B,Wales,1357
unknown_year_B,Wales,1864
unknown_year_B,Wales,2066
unknown_year_B,Wales,1957
unknown_year_B,Wales,1919
unknown_year_B,Wales,1337
unknown_year_B,Wales,1454
unknown_year_B,Wales,2115
unknown_year_B,Wales,1485
unknown_year_B,Wales,2114
unknown_year_B,Wales,2108
unknown_year_B,Wales,2012
unknown_year_B,Wales,2111
unknown_year_B,Wales,2043
unknown_year_B,Wales,2051
unknown_year_B,Wales,912
unknown_year_B,Wales,1693
unknown_year_B,Wales,1293
unknown_year_B,Wales,1969
unknown_year_B,Wales,1997
unknown_year_B,Wales,1331
unknown_year_B,Wales,2119
unknown_year_B,Wales,1383
unknown_year_B,Wales,29
unknown_year_B,Wales,2080
unknown_year_B,Wales,1296
unknown_year_B,Wales,1176
unknown_year_B,Wales,1736
unknown_year_B,Wales,658
unknown_year_B,Wales,1390
unknown_year_B,Wales,1801
unknown_year_B,Wales,2105
unknown_year_B,Wales,1217
unknown_year_B,Wales,2092
unknown_year_B,Wales,412
unknown_year_B,Wales,2067
unknown_year_B,Wales,2099
unknown_year_B,Wales,2082
unknown_year_B,Wales,2089
unknown_year_B,Wales,1670
unknown_year_B,Wales,2044
unknown_year_B,Wales,1988
unknown_year_B,Wessex,1498
unknown_year_B,Wessex,1664
unknown_year_B,Wessex,1811
unknown_year_B,Wessex,1629
unknown_year_B,Wessex,1464
unknown_year_B,Wessex,976
unknown_year_B,Wessex,1091
unknown_year_B,Wessex,1570
unknown_year_B,Wessex,1905
unknown_year_B,Wessex,1691
unknown_year_B,Wessex,1689
unknown_year_B,Wessex,1188
unknown_year_B,Wessex,827
unknown_year_B,Wessex,872
unknown_year_B,Wessex,1008
unknown_year_B,Wessex,1504
unknown_year_B,Wessex,1050
unknown_year_B,Wessex,203
unknown_year_B,Wessex,1970
unknown_year_B,Wessex,1826
unknown_year_B,Wessex,554
unknown_year_B,Wessex,1526
unknown_year_B,Wessex,998
unknown_year_B,Wessex,2008
unknown_year_B,Wessex,1968
unknown_year_B,Wessex,1279
unknown_year_B,Wessex,861
unknown_year_B,Wessex,1870
unknown_year_B,Wessex,1142
unknown_year_B,Wessex,1878
unknown_year_B,Wessex,1791
unknown_year_B,Wessex,369
unknown_year_B,Wessex,1813
unknown_year_B,Wessex,1624
unknown_year_B,Wessex,1016
unknown_year_B,Wessex,1976
unknown_year_B,Wessex,1633
unknown_year_B,Wessex,739
unknown_year_B,Wessex,993
unknown_year_B,Wessex,1120
unknown_year_B,Wessex,1562
unknown_year_B,Wessex,1965
unknown_year_B,Wessex,1933
unknown_year_B,Wessex,1371
unknown_year_B,Wessex,1412
unknown_year_B,Wessex,1152
unknown_year_B,Wessex,407
unknown_year_B,Wessex,856
unknown_year_B,Wessex,1588
unknown_year_B,Wessex,1679
unknown_year_B,Wessex,1734
unknown_year_B,Wessex,1916
unknown_year_B,Wessex,1931
unknown_year_B,Wessex,1599
unknown_year_B,Wessex,120
unknown_year_B,Wessex,990
unknown_year_B,Wessex,847
unknown_year_B,Wessex,992
unknown_year_B,Wessex,1692
unknown_year_B,Wessex,1208
unknown_year_B,Wessex,1205
unknown_year_B,Wessex,1428
unknown_year_B,Wessex,1450
unknown_year_B,Wessex,1817
unknown_year_B,Wessex,830
unknown_year_B,West Midlands,804
unknown_year_B,West Midlands,551
unknown_year_B,West Midlands,434
unknown_year_B,West Midlands,266
unknown_year_B,West Midlands,1488
unknown_year_B,West Midlands,784
unknown_year_B,West Midlands,1449
unknown_year_B,West Midlands,764
unknown_year_B,West Midlands,1189
unknown_year_B,West Midlands,503
unknown_year_B,West Midlands,1952
unknown_year_B,West Midlands,1041
unknown_year_B,West Midlands,1477
unknown_year_B,West Midlands,621
unknown_year_B,West Midlands,1110
unknown_year_B,West Midlands,511
unknown_year_B,West Midlands,1695
unknown_year_B,West Midlands,1272
unknown_year_B,West Midlands,32
unknown_year_B,West Midlands,254
unknown_year_B,West Midlands,670
unknown_year_B,West Midlands,1377
unknown_year_B,West Midlands,1722
unknown_year_B,West Midlands,782
unknown_year_B,West Midlands,1131
unknown_year_B,West Midlands,1146
unknown_year_B,West Midlands,1268
unknown_year_B,West Midlands,1251
unknown_year_B,West Midlands,1739
unknown_year_B,West Midlands,1613
unknown_year_B,West Midlands,1322
unknown_year_B,West Midlands,128
unknown_year_B,West Midlands,232
unknown_year_B,West Midlands,1319
unknown_year_B,West Midlands,1548
unknown_year_B,West Midlands,2
unknown_year_B,West Midlands,803
unknown_year_B,West Midlands,671
unknown_year_B,West Midlands,1967
unknown_year_B,West Midlands,780
unknown_year_B,West Midlands,1004
unknown_year_B,West Midlands,1742
unknown_year_B,West Midlands,1881
unknown_year_B,West Midlands,164
unknown_year_B,West Midlands,1206
unknown_year_B,West Midlands,962
unknown_year_B,West Midlands,840
unknown_year_B,West Midlands,512
unknown_year_B,West Midlands,1506
unknown_year_B,West Midlands,731
unknown_year_B,West Midlands,1459
unknown_year_B,West Midlands,1109
unknown_year_B,West Midlands,715
unknown_year_B,West Midlands,1161
unknown_year_B,West Midlands,1712
unknown_year_B,West Midlands,326
unknown_year_B,West Midlands,486
unknown_year_B,West Midlands,340
unknown_year_B,West Midlands,1639
unknown_year_B,West Midlands,1274
unknown_year_B,West Midlands,665
unknown_year_B,West Midlands,918
unknown_year_B,West Midlands,629
unknown_year_B,West Midlands,1955
unknown_year_B,West Midlands,1209
unknown_year_B,West Midlands,1273
unknown_year_B,West Midlands,1473
unknown_year_B,West Midlands,1404
unknown_year_B,West Midlands,1384
unknown_year_B,West Midlands,1332
unknown_year_B,West Midlands,31
unknown_year_B,West Midlands,1761
unknown_year_B,West Midlands,107
unknown_year_B,West Midlands,162
unknown_year_B,West Midlands,1682
unknown_year_B,West Midlands,1945
unknown_year_B,West Midlands,1219
unknown_year_B,West Midlands,491
unknown_year_B,West Midlands,1437
unknown_year_B,West Midlands,563
unknown_year_B,West Midlands,593
unknown_year_B,West Midlands,815
unknown_year_B,West Midlands,1298
unknown_year_B,West Midlands,1195
unknown_year_B,West Midlands,1249
unknown_year_B,West Midlands,795
unknown_year_B,West Midlands,1330
unknown_year_B,West Midlands,1640
unknown_year_B,West Midlands,189
unknown_year_B,West Midlands,799
unknown_year_B,West Midlands,525
unknown_year_B,West Midlands,1746
unknown_year_B,West Midlands,1304
unknown_year_B,West Midlands,1701
unknown_year_B,West Midlands,1503
unknown_year_B,West Midlands,37
unknown_year_B,West Midlands,1574
unknown_year_B,West Midlands,1403
unknown_year_B,West Midlands,1405
unknown_year_B,West Midlands,1419
unknown_year_B,West Midlands,1025
unknown_year_B,West Midlands,706
unknown_year_B,West Midlands,968
unknown_year_B,West Midlands,417
unknown_year_B,West Midlands,575
unknown_year_B,West Midlands,1445
unknown_year_B,West Midlands,1523
unknown_year_B,West Midlands,1939
unknown_year_B,West Midlands,1258
unknown_year_B,Yorkshire and the Humber,1068
unknown_year_B,Yorkshire and the Humber,1135
unknown_year_B,Yorkshire and the Humber,1451
unknown_year_B,Yorkshire and the Humber,1546
unknown_year_B,Yorkshire and the Humber,1324
unknown_year_B,Yorkshire and the Humber,564
unknown_year_B,Yorkshire and the Humber,1536
unknown_year_B,Yorkshire and the Humber,446
unknown_year_B,Yorkshire and the Humber,33
unknown_year_B,Yorkshire and the Humber,1634
unknown_year_B,Yorkshire and the Humber,1620
unknown_year_B,Yorkshire and the Humber,1834
unknown_year_B,Yorkshire and the Humber,1849
unknown_year_B,Yorkshire and the Humber,1924
unknown_year_B,Yorkshire and the Humber,921
unknown_year_B,Yorkshire and the Humber,2058
unknown_year_B,Yorkshire and the Humber,1348
unknown_year_B,Yorkshire and the Humber,953
unknown_year_B,Yorkshire and the Humber,647
unknown_year_B,Yorkshire and the Humber,904
unknown_year_B,Yorkshire and the Humber,1443
unknown_year_B,Yorkshire and the Humber,1909
unknown_year_B,Yorkshire and the Humber,1824
unknown_year_B,Yorkshire and the Humber,197
unknown_year_B,Yorkshire and the Humber,2077
unknown_year_B,Yorkshire and the Humber,79
unknown_year_B,Yorkshire and the Humber,1602
unknown_year_B,Yorkshire and the Humber,1763
unknown_year_B,Yorkshire and the Humber,1285
unknown_year_B,Yorkshire and the Humber,1093
unknown_year_B,Yorkshire and the Humber,1496
unknown_year_B,Yorkshire and the Humber,2056
unknown_year_B,Yorkshire and the Humber,1368
unknown_year_B,Yorkshire and the Humber,2073
unknown_year_B,Yorkshire and the Humber,535
unknown_year_B,Yorkshire and the Humber,2000
unknown_year_B,Yorkshire and the Humber,1564
unknown_year_B,Yorkshire and the Humber,1484
unknown_year_B,Yorkshire and the Humber,1590
unknown_year_B,Yorkshire and the Humber,1998
unknown_year_B,Yorkshire and the Humber,1601
unknown_year_B,Yorkshire and the Humber,1082
unknown_year_B,Yorkshire and the Humber,1220
unknown_year_B,Yorkshire and the Humber,360
unknown_year_B,Yorkshire and the Humber,445
unknown_year_B,Yorkshire and the Humber,1741
unknown_year_B,Yorkshire and the Humber,1061
unknown_year_B,Yorkshire and the Humber,1596
unknown_year_B,Yorkshire and the Humber,2036
unknown_year_B,Yorkshire and the Humber,12
unknown_year_B,Yorkshire and the Humber,169
unknown_year_B,Yorkshire and the Humber,726
unknown_year_B,Yorkshire and the Humber,2019
unknown_year_B,Yorkshire and the Humber,955
unknown_year_B,Yorkshire and the Humber,1438
unknown_year_B,Yorkshire and the Humber,2075
unknown_year_B,Yorkshire and the Humber,1683
unknown_year_B,Yorkshire and the Humber,2064
unknown_year_B,Yorkshire and the Humber,1345
unknown_year_B,Yorkshire and the Humber,478
unknown_year_B,Yorkshire and the Humber,1850
unknown_year_B,Yorkshire and the Humber,1684
unknown_year_B,Yorkshire and the Humber,1292
unknown_year_B,Yorkshire and the Humber,216
unknown_year_B,Yorkshire and the Humber,1192
unknown_year_B,Yorkshire and the Humber,1054
unknown_year_B,Yorkshire and the Humber,1735
unknown_year_B,Yorkshire and the Humber,2027
unknown_year_B,Yorkshire and the Humber,2074
unknown_year_B,Yorkshire and the Humber,408
unknown_year_B,Yorkshire and the Humber,209
unknown_year_B,Yorkshire and the Humber,771
unknown_year_B,Yorkshire and the Humber,1138
unknown_year_B,Yorkshire and the Humber,1704
unknown_year_B,Yorkshire and the Humber,308
unknown_year_B,Yorkshire and the Humber,1767
unknown_year_B,Yorkshire and the Humber,661
unknown_year_B,Yorkshire and the Humber,1317
unknown_year_B,Yorkshire and the Humber,1743
unknown_year_B,Yorkshire and the Humber,1612
unknown_year_B,Yorkshire and the Humber,1762
unknown_year_B,Yorkshire and the Humber,1099
unknown_year_B,Yorkshire and the Humber,273
unknown_year_B,Yorkshire and the Humber,1430
unknown_year_B,Yorkshire and the Humber,2024
unknown_year_B,Yorkshire and the Humber,1030
unknown_year_B,Yorkshire and the Humber,1869
unknown_year_B,Yorkshire and the Humber,1079
unknown_year_B,Yorkshire and the Humber,2014
unknown_year_B,Yorkshire and the Humber,284
unknown_year_B,Yorkshire and the Humber,1579
unknown_year_B,Yorkshire and the Humber,1301
unknown_year_B,Yorkshire and the Humber,2052
unknown_year_B,Yorkshire and the Humber,1432
unknown_year_B,Yorkshire and the Humber,330
unknown_year_B,Yorkshire and the Humber,1010
unknown_year_B,Yorkshire and the Humber,1118
unknown_year_B,Yorkshire and the Humber,252
unknown_year_B,Yorkshire and the Humber,2039
unknown_year_B,Yorkshire and the Humber,929
unknown_year_B,Yorkshire and the Humber,2050
unknown_year_B,Yorkshire and the Humber,836
unknown_year_B,Yorkshire and the Humber,1027
unknown_year_B,Yorkshire and the Humber,1568
unknown_year_B,Yorkshire and the Humber,481
unknown_year_B,Yorkshire and the Humber,1912
unknown_year_B,Yorkshire and the Humber,1500
unknown_year_B,Yorkshire and the Humber,1816
unknown_year_B,Yorkshire and the Humber,1358
unknown_year_B,Yorkshire and the Humber,1591
unknown_year_B,Yorkshire and the Humber,2009
unknown_year_B,Yorkshire and the Humber,290
unknown_year_B,Yorkshire and the Humber,1809
unknown_year_B,Yorkshire and the Humber,1709
unknown_year_B,Yorkshire and the Humber,1222
unknown_year_B,Yorkshire and the Humber,1887
unknown_year_B,Yorkshire and the Humber,2048
unknown_year_B,Yorkshire and the Humber,22
unknown_year_B,Yorkshire and the Humber,1478
unknown_year_B,Yorkshire and the Humber,653
unknown_year_B,Yorkshire and the Humber,2038
unknown_year_B,Yorkshire and the Humber,1429
unknown_year_B,Yorkshire and the Humber,213
unknown_year_B,Yorkshire and the Humber,1898
unknown_year_B,Yorkshire and the Humber,1854
unknown_year_B,Yorkshire and the Humber,656
unknown_year_B,Yorkshire and the Humber,1098
unknown_year_B,Yorkshire and the Humber,745
unknown_year_B,Yorkshire and the Humber,1795
unknown_year_B,Yorkshire and the Humber,1074
unknown_year_B,Yorkshire and the Humber,1313
unknown_year_B,Yorkshire and the Humber,1159
unknown_year_B,Yorkshire and the Humber,1859
unknown_year_B,Yorkshire and the Humber,1044
unknown_year_B,Yorkshire and the Humber,1806
unknown_year_B,Yorkshire and the Humber,743
unknown_year_B,Yorkshire and the Humber,1388
unknown_year_B,Yorkshire and the Humber,2045
unknown_year_B,Yorkshire and the Humber,730
unknown_year_B,Yorkshire and the Humber,2062
unknown_year_B,Yorkshire and the Humber,1060
unknown_year_B,Yorkshire and the Humber,2011
unknown_year_B,Yorkshire and the Humber,1800
unknown_year_B,Yorkshire and the Humber,1012
unknown_year_B,Yorkshire and the Humber,272
unknown_year_B,Yorkshire and the Humber,1282
unknown_year_B,Yorkshire and the Humber,1843
unknown_year_B,Yorkshire and the Humber,663
unknown_year_B,Yorkshire and the Humber,961
unknown_year_B,Yorkshire and the Humber,304
unknown_year_B,Yorkshire and the Humber,1711
unknown_year_B,Yorkshire and the Humber,1853
unknown_year_B,Yorkshire and the Humber,64
2023,East Midlands,2033
2023,East Midlands,2021
2023,East Midlands,2001
2023,East Midlands,2000
2023,East Midlands,1939
2023,East Midlands,1930
2023,East Midlands,1926
2023,East Midlands,1924
2023,East Midlands,1885
2023,East Midlands,1881
2023,East Midlands,1849
2023,East Midlands,1829
2023,East Midlands,1818
2023,East Midlands,1813
2023,East Midlands,1754
2023,East Midlands,1730
2023,East Midlands,1728
2023,East Midlands,1721
2023,East Midlands,1705
2023,East Midlands,1684
2023,East Midlands,1680
2023,East Midlands,1671
2023,East Midlands,1637
2023,East Midlands,1632
2023,East Midlands,1627
2023,East Midlands,1580
2023,East Midlands,1558
2023,East Midlands,1553
2023,East Midlands,1545
2023,East Midlands,1508
2023,East Midlands,1507
2023,East Midlands,1506
2023,East Midlands,1495
2023,East Midlands,1454
2023,East Midlands,1424
2023,East Midlands,1415
2023,East Midlands,1379
2023,East Midlands,1371
2023,East Midlands,1355
2023,East Midlands,1334
2023,East Midlands,1332
2023,East Midlands,1329
2023,East Midlands,1295
2023,East Midlands,1256
2023,East Midlands,1250
2023,East Midlands,1238
2023,East Midlands,1236
2023,East Midlands,1206
2023,East Midlands,1160
2023,East Midlands,1135
2023,East Midlands,1091
2023,East Midlands,1067
2023,East Midlands,1046
2023,East Midlands,1045
2023,East Midlands,1044
2023,East Midlands,1027
2023,East Midlands,981
2023,East Midlands,929
2023,East Midlands,914
2023,East Midlands,867
2023,East Midlands,855
2023,East Midlands,852
2023,East Midlands,822
2023,East Midlands,807
2023,East Midlands,804
2023,East Midlands,790
2023,East Midlands,703
2023,East Midlands,694
2023,East Midlands,680
2023,East Midlands,651
2023,East Midlands,622
2023,East Midlands,615
2023,East Midlands,556
2023,East Midlands,551
2023,East Midlands,470
2023,East Midlands,462
2023,East Midlands,405
2023,East Midlands,382
2023,East Midlands,341
2023,East Midlands,305
2023,East Midlands,285
2023,East Midlands,133
2023,East of England,2134
2023,East of England,2133
2023,East of England,2131
2023,East of England,2125
2023,East of England,2106
2023,East of England,2101
2023,East of England,2081
2023,East of England,2043
2023,East of England,2031
2023,East of England,1992
2023,East of England,1968
2023,East of England,1960
2023,East of England,1936
2023,East of England,1858
2023,East of England,1857
2023,East of England,1850
2023,East of England,1847
2023,East of England,1844
2023,East of England,1838
2023,East of England,1836
2023,East of England,1832
2023,East of England,1822
2023,East of England,1821
2023,East of England,1820
2023,East of England,1811
2023,East of England,1792
2023,East of England,1776
2023,East of England,1765
2023,East of England,1764
2023,East of England,1756
2023,East of England,1746
2023,East of England,1742
2023,East of England,1736
2023,East of England,1720
2023,East of England,1718
2023,East of England,1703
2023,East of England,1658
2023,East of England,1657
2023,East of England,1635
2023,East of England,1595
2023,East of England,1587
2023,East of England,1586
2023,East of England,1579
2023,East of England,1577
2023,East of England,1550
2023,East of England,1521
2023,East of England,1513
2023,East of England,1512
2023,East of England,1499
2023,East of England,1496
2023,East of England,1494
2023,East of England,1485
2023,East of England,1456
2023,East of England,1436
2023,East of England,1430
2023,East of England,1419
2023,East of England,1407
2023,East of England,1391
2023,East of England,1370
2023,East of England,1368
2023,East of England,1366
2023,East of England,1362
2023,East of England,1350
2023,East of England,1349
2023,East of England,1327
2023,East of England,1306
2023,East of England,1278
2023,East of England,1245
2023,East of England,1230
2023,East of England,1229
2023,East of England,1202
2023,East of England,1197
2023,East of England,1187
2023,East of England,1177
2023,East of England,1172
2023,East of England,1171
2023,East of England,1166
2023,East of England,1161
2023,East of England,1134
2023,East of England,1099
2023,East of England,1097
2023,East of England,1054
2023,East of England,1053
2023,East of England,1035
2023,East of England,983
2023,East of England,982
2023,East of England,954
2023,East of England,947
2023,East of England,942
2023,East of England,911
2023,East of England,879
2023,East of England,873
2023,East of England,839
2023,East of England,817
2023,East of England,801
2023,East of England,789
2023,East of England,778
2023,East of England,768
2023,East of England,681
2023,East of England,633
2023,East of England,604
2023,East of England,598
2023,East of England,594
2023,East of England,583
2023,East of England,577
2023,East of England,571
2023,East of England,548
2023,East of England,533
2023,East of England,523
2023,East of England,513
2023,East of England,489
2023,East of England,478
2023,East of England,451
2023,East of England,447
2023,East of England,430
2023,East of England,410
2023,East of England,396
2023,East of England,365
2023,East of England,342
2023,East of England,337
2023,East of England,331
2023,East of England,309
2023,East of England,304
2023,East of England,287
2023,East of England,273
2023,East of England,272
2023,East of England,259
2023,East of England,241
2023,East of England,234
2023,East of England,229
2023,East of England,225
2023,East of England,170
2023,East of England,10
2023,Kent Surrey and Sussex,2038
2023,Kent Surrey and Sussex,2025
2023,Kent Surrey and Sussex,2020
2023,Kent Surrey and Sussex,1985
2023,Kent Surrey and Sussex,1917
2023,Kent Surrey and Sussex,1887
2023,Kent Surrey and Sussex,1884
2023,Kent Surrey and Sussex,1869
2023,Kent Surrey and Sussex,1815
2023,Kent Surrey and Sussex,1748
2023,Kent Surrey and Sussex,1737
2023,Kent Surrey and Sussex,1689
2023,Kent Surrey and Sussex,1675
2023,Kent Surrey and Sussex,1614
2023,Kent Surrey and Sussex,1609
2023,Kent Surrey and Sussex,1604
2023,Kent Surrey and Sussex,1600
2023,Kent Surrey and Sussex,1591
2023,Kent Surrey and Sussex,1566
2023,Kent Surrey and Sussex,1557
2023,Kent Surrey and Sussex,1536
2023,Kent Surrey and Sussex,1527
2023,Kent Surrey and Sussex,1525
2023,Kent Surrey and Sussex,1504
2023,Kent Surrey and Sussex,1488
2023,Kent Surrey and Sussex,1443
2023,Kent Surrey and Sussex,1439
2023,Kent Surrey and Sussex,1426
2023,Kent Surrey and Sussex,1413
2023,Kent Surrey and Sussex,1408
2023,Kent Surrey and Sussex,1401
2023,Kent Surrey and Sussex,1396
2023,Kent Surrey and Sussex,1385
2023,Kent Surrey and Sussex,1372
2023,Kent Surrey and Sussex,1361
2023,Kent Surrey and Sussex,1341
2023,Kent Surrey and Sussex,1328
2023,Kent Surrey and Sussex,1315
2023,Kent Surrey and Sussex,1298
2023,Kent Surrey and Sussex,1294
2023,Kent Surrey and Sussex,1293
2023,Kent Surrey and Sussex,1286
2023,Kent Surrey and Sussex,1285
2023,Kent Surrey and Sussex,1281
2023,Kent Surrey and Sussex,1257
2023,Kent Surrey and Sussex,1251
2023,Kent Surrey and Sussex,1248
2023,Kent Surrey and Sussex,1219
2023,Kent Surrey and Sussex,1201
2023,Kent Surrey and Sussex,1196
2023,Kent Surrey and Sussex,1148
2023,Kent Surrey and Sussex,1146
2023,Kent Surrey and Sussex,1140
2023,Kent Surrey and Sussex,1127
2023,Kent Surrey and Sussex,1088
2023,Kent Surrey and Sussex,1074
2023,Kent Surrey and Sussex,1069
2023,Kent Surrey and Sussex,1068
2023,Kent Surrey and Sussex,1065
2023,Kent Surrey and Sussex,1042
2023,Kent Surrey and Sussex,1038
2023,Kent Surrey and Sussex,1033
2023,Kent Surrey and Sussex,1029
2023,Kent Surrey and Sussex,1017
2023,Kent Surrey and Sussex,986
2023,Kent Surrey and Sussex,937
2023,Kent Surrey and Sussex,936
2023,Kent Surrey and Sussex,932
2023,Kent Surrey and Sussex,930
2023,Kent Surrey and Sussex,923
2023,Kent Surrey and Sussex,893
2023,Kent Surrey and Sussex,891
2023,Kent Surrey and Sussex,848
2023,Kent Surrey and Sussex,836
2023,Kent Surrey and Sussex,834
2023,Kent Surrey and Sussex,828
2023,Kent Surrey and Sussex,815
2023,Kent Surrey and Sussex,806
2023,Kent Surrey and Sussex,779
2023,Kent Surrey and Sussex,757
2023,Kent Surrey and Sussex,719
2023,Kent Surrey and Sussex,707
2023,Kent Surrey and Sussex,692
2023,Kent Surrey and Sussex,657
2023,Kent Surrey and Sussex,452
2023,Kent Surrey and Sussex,425
2023,Kent Surrey and Sussex,411
2023,Kent Surrey and Sussex,391
2023,Kent Surrey and Sussex,390
2023,Kent Surrey and Sussex,375
2023,Kent Surrey and Sussex,303
2023,Kent Surrey and Sussex,279
2023,Kent Surrey and Sussex,277
2023,Kent Surrey and Sussex,276
2023,Kent Surrey and Sussex,228
2023,Kent Surrey and Sussex,190
2023,Kent Surrey and Sussex,187
2023,Kent Surrey and Sussex,148
2023,Kent Surrey and Sussex,109
2023,Kent Surrey and Sussex,102
2023,Kent Surrey and Sussex,99
2023,Kent Surrey and Sussex,76
2023,London,2070
2023,London,1089
2023,London,1026
2023,London,1025
2023,London,1019
2023,London,1004
2023,London,1002
2023,London,962
2023,London,955
2023,London,931
2023,London,927
2023,London,916
2023,London,907
2023,London,901
2023,London,896
2023,London,862
2023,London,838
2023,London,837
2023,London,835
2023,London,827
2023,London,814
2023,London,813
2023,London,812
2023,London,797
2023,London,796
2023,London,788
2023,London,787
2023,London,786
2023,London,785
2023,London,784
2023,London,780
2023,London,770
2023,London,744
2023,London,739
2023,London,735
2023,London,734
2023,London,731
2023,London,726
2023,London,724
2023,London,716
2023,London,715
2023,London,714
2023,London,711
2023,London,691
2023,London,688
2023,London,684
2023,London,682
2023,London,674
2023,London,673
2023,London,668
2023,London,661
2023,London,645
2023,London,637
2023,London,632
2023,London,629
2023,London,623
2023,London,618
2023,London,617
2023,London,612
2023,London,607
2023,London,590
2023,London,574
2023,London,569
2023,London,559
2023,London,554
2023,London,549
2023,London,541
2023,London,536
2023,London,534
2023,London,531
2023,London,527
2023,London,522
2023,London,521
2023,London,520
2023,London,511
2023,London,510
2023,London,508
2023,London,499
2023,London,497
2023,London,494
2023,London,493
2023,London,492
2023,London,490
2023,London,486
2023,London,475
2023,London,467
2023,London,460
2023,London,459
2023,London,458
2023,London,457
2023,London,454
2023,London,453
2023,London,448
2023,London,446
2023,London,445
2023,London,443
2023,London,441
2023,London,439
2023,London,437
2023,London,436
2023,London,435
2023,London,431
2023,London,428
2023,London,427
2023,London,422
2023,London,421
2023,London,415
2023,London,414
2023,London,412
2023,London,401
2023,London,399
2023,London,398
2023,London,395
2023,London,393
2023,London,385
2023,London,373
2023,London,367
2023,London,360
2023,London,348
2023,London,334
2023,London,333
2023,London,328
2023,London,327
2023,London,326
2023,London,323
2023,London,322
2023,London,321
2023,London,319
2023,London,311
2023,London,307
2023,London,306
2023,London,302
2023,London,301
2023,London,300
2023,London,299
2023,London,297
2023,London,296
2023,London,292
2023,London,291
2023,London,289
2023,London,288
2023,London,283
2023,London,274
2023,London,271
2023,London,269
2023,London,264
2023,London,262
2023,London,257
2023,London,254
2023,London,253
2023,London,251
2023,London,249
2023,London,244
2023,London,242
2023,London,239
2023,London,238
2023,London,233
2023,London,231
2023,London,215
2023,London,213
2023,London,212
2023,London,210
2023,London,209
2023,London,207
2023,London,204
2023,London,202
2023,London,201
2023,London,200
2023,London,199
2023,London,198
2023,London,195
2023,London,191
2023,London,188
2023,London,185
2023,London,184
2023,London,183
2023,London,182
2023,London,180
2023,London,177
2023,London,176
2023,London,174
2023,London,172
2023,London,171
2023,London,168
2023,London,165
2023,London,163
2023,London,161
2023,London,157
2023,London,149
2023,London,138
2023,London,136
2023,London,132
2023,London,131
2023,London,129
2023,London,125
2023,London,124
2023,London,121
2023,London,118
2023,London,115
2023,London,112
2023,London,110
2023,London,107
2023,London,105
2023,London,104
2023,London,103
2023,London,101
2023,London,98
2023,London,97
2023,London,96
2023,London,93
2023,London,86
2023,London,79
2023,London,75
2023,London,74
2023,London,73
2023,London,72
2023,London,68
2023,London,67
2023,London,61
2023,London,59
2023,London,55
2023,London,53
2023,London,52
2023,London,51
2023,London,50
2023,London,47
2023,London,45
2023,London,44
2023,London,42
2023,London,38
2023,London,35
2023,London,33
2023,London,32
2023,London,30
2023,London,29
2023,London,28
2023,London,25
2023,London,24
2023,London,22
2023,London,21
2023,London,19
2023,London,18
2023,London,13
2023,London,11
2023,London,9
2023,London,8
2023,London,7
2023,London,6
2023,London,4
2023,London,1
2023,North East,2177
2023,North East,2168
2023,North East,2153
2023,North East,2151
2023,North East,2137
2023,North East,2102
2023,North East,2094
2023,North East,2073
2023,North East,2044
2023,North East,1958
2023,North East,1923
2023,North East,1914
2023,North East,1903
2023,North East,1879
2023,North East,1843
2023,North East,1809
2023,North East,1777
2023,North East,1772
2023,North East,1768
2023,North East,1763
2023,North East,1722
2023,North East,1719
2023,North East,1717
2023,North East,1715
2023,North East,1654
2023,North East,1653
2023,North East,1572
2023,North East,1569
2023,North East,1533
2023,North East,1486
2023,North East,1478
2023,North East,1469
2023,North East,1450
2023,North East,1418
2023,North East,1380
2023,North East,1317
2023,North East,1296
2023,North East,1292
2023,North East,1208
2023,North East,1207
2023,North East,1185
2023,North East,1147
2023,North East,1133
2023,North East,1123
2023,North East,1092
2023,North East,1084
2023,North East,1076
2023,North East,1048
2023,North East,1021
2023,North East,998
2023,North East,988
2023,North East,946
2023,North East,935
2023,North East,921
2023,North East,898
2023,North East,890
2023,North East,709
2023,North East,655
2023,North East,654
2023,North East,572
2023,North East,566
2023,North East,553
2023,North East,503
2023,North East,495
2023,North East,476
2023,North East,466
2023,North East,449
2023,North East,417
2023,North East,413
2023,North East,389
2023,North East,383
2023,North East,370
2023,North East,353
2023,North East,197
2023,North East,69
2023,North East,54
2023,North East,2
2023,North West - Mersey,2143
2023,North West - Mersey,1994
2023,North West - Mersey,1976
2023,North West - Mersey,1928
2023,North West - Mersey,1921
2023,North West - Mersey,1888
2023,North West - Mersey,1863
2023,North West - Mersey,1862
2023,North West - Mersey,1855
2023,North West - Mersey,1780
2023,North West - Mersey,1711
2023,North West - Mersey,1708
2023,North West - Mersey,1707
2023,North West - Mersey,1670
2023,North West - Mersey,1669
2023,North West - Mersey,1663
2023,North West - Mersey,1634
2023,North West - Mersey,1621
2023,North West - Mersey,1610
2023,North West - Mersey,1607
2023,North West - Mersey,1597
2023,North West - Mersey,1594
2023,North West - Mersey,1589
2023,North West - Mersey,1584
2023,North West - Mersey,1568
2023,North West - Mersey,1565
2023,North West - Mersey,1561
2023,North West - Mersey,1551
2023,North West - Mersey,1530
2023,North West - Mersey,1524
2023,North West - Mersey,1481
2023,North West - Mersey,1427
2023,North West - Mersey,1377
2023,North West - Mersey,1376
2023,North West - Mersey,1344
2023,North West - Mersey,1330
2023,North West - Mersey,1305
2023,North West - Mersey,1288
2023,North West - Mersey,1280
2023,North West - Mersey,1279
2023,North West - Mersey,1272
2023,North West - Mersey,1242
2023,North West - Mersey,1240
2023,North West - Mersey,1226
2023,North West - Mersey,1190
2023,North West - Mersey,1189
2023,North West - Mersey,1180
2023,North West - Mersey,1174
2023,North West - Mersey,1136
2023,North West - Mersey,1132
2023,North West - Mersey,1108
2023,North West - Mersey,1064
2023,North West - Mersey,1036
2023,North West - Mersey,1008
2023,North West - Mersey,989
2023,North West - Mersey,966
2023,North West - Mersey,811
2023,North West - Mersey,721
2023,North West - Mersey,658
2023,North West - Mersey,634
2023,North West - Mersey,606
2023,North West - Mersey,592
2023,North West - Mersey,562
2023,North West - Mersey,468
2023,North West - Mersey,408
2023,North West - Mersey,397
2023,North West - Mersey,357
2023,North West - Mersey,189
2023,North West - Mersey,175
2023,North West - Mersey,88
2023,North West - Mersey,63
2023,North West - Mersey,17
2023,North West - Mersey,16
2023,North West - North West,2099
2023,North West - North West,2056
2023,North West - North West,1993
2023,North West - North West,1990
2023,North West - North West,1978
2023,North West - North West,1905
2023,North West - North West,1882
2023,North West - North West,1867
2023,North West - North West,1839
2023,North West - North West,1835
2023,North West - North West,1803
2023,North West - North West,1744
2023,North West - North West,1732
2023,North West - North West,1712
2023,North West - North West,1641
2023,North West - North West,1611
2023,North West - North West,1567
2023,North West - North West,1556
2023,North West - North West,1537
2023,North West - North West,1482
2023,North West - North West,1461
2023,North West - North West,1425
2023,North West - North West,1384
2023,North West - North West,1319
2023,North West - North West,1241
2023,North West - North West,1227
2023,North West - North West,1205
2023,North West - North West,1155
2023,North West - North West,1151
2023,North West - North West,1141
2023,North West - North West,1131
2023,North West - North West,1126
2023,North West - North West,1116
2023,North West - North West,1105
2023,North West - North West,1102
2023,North West - North West,1073
2023,North West - North West,1060
2023,North West - North West,1059
2023,North West - North West,1056
2023,North West - North West,1055
2023,North West - North West,1039
2023,North West - North West,1022
2023,North West - North West,1016
2023,North West - North West,994
2023,North West - North West,993
2023,North West - North West,987
2023,North West - North West,970
2023,North West - North West,953
2023,North West - North West,951
2023,North West - North West,943
2023,North West - North West,938
2023,North West - North West,925
2023,North West - North West,912
2023,North West - North West,905
2023,North West - North West,903
2023,North West - North West,892
2023,North West - North West,889
2023,North West - North West,869
2023,North West - North West,861
2023,North West - North West,859
2023,North West - North West,842
2023,North West - North West,821
2023,North West - North West,791
2023,North West - North West,783
2023,North West - North West,732
2023,North West - North West,728
2023,North West - North West,722
2023,North West - North West,720
2023,North West - North West,704
2023,North West - North West,702
2023,North West - North West,696
2023,North West - North West,693
2023,North West - North West,689
2023,North West - North West,671
2023,North West - North West,666
2023,North West - North West,638
2023,North West - North West,609
2023,North West - North West,597
2023,North West - North West,576
2023,North West - North West,547
2023,North West - North West,524
2023,North West - North West,515
2023,North West - North West,504
2023,North West - North West,500
2023,North West - North West,496
2023,North West - North West,480
2023,North West - North West,426
2023,North West - North West,374
2023,North West - North West,359
2023,North West - North West,356
2023,North West - North West,343
2023,North West - North West,316
2023,North West - North West,266
2023,North West - North West,263
2023,North West - North West,235
2023,North West - North West,214
2023,North West - North West,162
2023,North West - North West,156
2023,North West - North West,144
2023,North West - North West,137
2023,North West - North West,120
2023,North West - North West,119
2023,North West - North West,114
2023,North West - North West,80
2023,North West - North West,49
2023,North West - North West,36
2023,North West - North West,31
2023,North West - North West,23
2023,Northern Ireland,2326
2023,Northern Ireland,2317
2023,Northern Ireland,2316
2023,Northern Ireland,2315
2023,Northern Ireland,2240
2023,Northern Ireland,2221
2023,Northern Ireland,2164
2023,Northern Ireland,2162
2023,Northern Ireland,2107
2023,Northern Ireland,2100
2023,Northern Ireland,2011
2023,Northern Ireland,1950
2023,Northern Ireland,1931
2023,Northern Ireland,1919
2023,Northern Ireland,1799
2023,Northern Ireland,1664
2023,Northern Ireland,1601
2023,Northern Ireland,1562
2023,Northern Ireland,1535
2023,Northern Ireland,1483
2023,Northern Ireland,1447
2023,Northern Ireland,1386
2023,Northern Ireland,1301
2023,Northern Ireland,1289
2023,Northern Ireland,1111
2023,Northern Ireland,1047
2023,Northern Ireland,1001
2023,Northern Ireland,979
2023,Northern Ireland,926
2023,Northern Ireland,920
2023,Northern Ireland,795
2023,Northern Ireland,763
2023,Northern Ireland,761
2023,Northern Ireland,742
2023,Northern Ireland,740
2023,Northern Ireland,738
2023,Northern Ireland,599
2023,Northern Ireland,573
2023,Northern Ireland,530
2023,Northern Ireland,351
2023,Northern Ireland,232
2023,Northern Ireland,206
2023,Northern Ireland,130
2023,Northern Ireland,127
2023,Scotland,2165
2023,Scotland,2150
2023,Scotland,2144
2023,Scotland,2112
2023,Scotland,2072
2023,Scotland,2042
2023,Scotland,1969
2023,Scotland,1913
2023,Scotland,1901
2023,Scotland,1891
2023,Scotland,1846
2023,Scotland,1797
2023,Scotland,1794
2023,Scotland,1786
2023,Scotland,1782
2023,Scotland,1773
2023,Scotland,1751
2023,Scotland,1716
2023,Scotland,1699
2023,Scotland,1633
2023,Scotland,1626
2023,Scotland,1563
2023,Scotland,1542
2023,Scotland,1538
2023,Scotland,1528
2023,Scotland,1520
2023,Scotland,1480
2023,Scotland,1459
2023,Scotland,1428
2023,Scotland,1389
2023,Scotland,1342
2023,Scotland,1336
2023,Scotland,1314
2023,Scotland,1310
2023,Scotland,1309
2023,Scotland,1291
2023,Scotland,1277
2023,Scotland,1214
2023,Scotland,1211
2023,Scotland,1195
2023,Scotland,1188
2023,Scotland,1152
2023,Scotland,1149
2023,Scotland,1137
2023,Scotland,1120
2023,Scotland,1101
2023,Scotland,1098
2023,Scotland,1087
2023,Scotland,1085
2023,Scotland,1079
2023,Scotland,1041
2023,Scotland,1028
2023,Scotland,1024
2023,Scotland,1018
2023,Scotland,1000
2023,Scotland,984
2023,Scotland,922
2023,Scotland,915
2023,Scotland,913
2023,Scotland,900
2023,Scotland,883
2023,Scotland,882
2023,Scotland,857
2023,Scotland,850
2023,Scotland,840
2023,Scotland,823
2023,Scotland,808
2023,Scotland,782
2023,Scotland,767
2023,Scotland,765
2023,Scotland,764
2023,Scotland,758
2023,Scotland,752
2023,Scotland,747
2023,Scotland,746
2023,Scotland,723
2023,Scotland,717
2023,Scotland,705
2023,Scotland,695
2023,Scotland,686
2023,Scotland,685
2023,Scotland,679
2023,Scotland,672
2023,Scotland,653
2023,Scotland,649
2023,Scotland,614
2023,Scotland,611
2023,Scotland,602
2023,Scotland,593
2023,Scotland,565
2023,Scotland,561
2023,Scotland,544
2023,Scotland,538
2023,Scotland,516
2023,Scotland,506
2023,Scotland,491
2023,Scotland,487
2023,Scotland,479
2023,Scotland,465
2023,Scotland,419
2023,Scotland,404
2023,Scotland,350
2023,Scotland,349
2023,Scotland,339
2023,Scotland,325
2023,Scotland,318
2023,Scotland,290
2023,Scotland,270
2023,Scotland,252
2023,Scotland,243
2023,Scotland,224
2023,Scotland,218
2023,Scotland,186
2023,Scotland,167
2023,Scotland,135
2023,Scotland,134
2023,Scotland,117
2023,Scotland,83
2023,South West - Peninsula,2175
2023,South West - Peninsula,2130
2023,South West - Peninsula,2120
2023,South West - Peninsula,2019
2023,South West - Peninsula,1989
2023,South West - Peninsula,1932
2023,South West - Peninsula,1895
2023,South West - Peninsula,1894
2023,South West - Peninsula,1851
2023,South West - Peninsula,1848
2023,South West - Peninsula,1842
2023,South West - Peninsula,1781
2023,South West - Peninsula,1713
2023,South West - Peninsula,1690
2023,South West - Peninsula,1685
2023,South West - Peninsula,1603
2023,South West - Peninsula,1590
2023,South West - Peninsula,1497
2023,South West - Peninsula,1335
2023,South West - Peninsula,1231
2023,South West - Peninsula,1145
2023,South West - Peninsula,1104
2023,South West - Peninsula,1096
2023,South West - Peninsula,1015
2023,South West - Peninsula,902
2023,South West - Peninsula,875
2023,South West - Peninsula,579
2023,South West - Peninsula,564
2023,South West - Peninsula,546
2023,South West - Peninsula,474
2023,South West - Peninsula,293
2023,South West - Peninsula,248
2023,South West - Peninsula,220
2023,South West - Peninsula,140
2023,South West - Peninsula,82
2023,South West - Peninsula,71
2023,South West - Peninsula,66
2023,South West - Peninsula,56
2023,South West - Peninsula,48
2023,South West - Peninsula,41
2023,South West - Peninsula,27
2023,South West - Severn,2076
2023,South West - Severn,2065
2023,South West - Severn,1648
2023,South West - Severn,1623
2023,South West - Severn,1619
2023,South West - Severn,1616
2023,South West - Severn,1602
2023,South West - Severn,1502
2023,South West - Severn,1402
2023,South West - Severn,1321
2023,South West - Severn,1072
2023,South West - Severn,1040
2023,South West - Severn,985
2023,South West - Severn,974
2023,South West - Severn,969
2023,South West - Severn,963
2023,South West - Severn,950
2023,South West - Severn,918
2023,South West - Severn,906
2023,South West - Severn,904
2023,South West - Severn,851
2023,South West - Severn,847
2023,South West - Severn,819
2023,South West - Severn,774
2023,South West - Severn,708
2023,South West - Severn,706
2023,South West - Severn,667
2023,South West - Severn,636
2023,South West - Severn,595
2023,South West - Severn,582
2023,South West - Severn,567
2023,South West - Severn,512
2023,South West - Severn,477
2023,South West - Severn,469
2023,South West - Severn,461
2023,South West - Severn,442
2023,South West - Severn,433
2023,South West - Severn,403
2023,South West - Severn,386
2023,South West - Severn,384
2023,South West - Severn,340
2023,South West - Severn,336
2023,South West - Severn,320
2023,South West - Severn,223
2023,South West - Severn,219
2023,South West - Severn,196
2023,South West - Severn,194
2023,South West - Severn,181
2023,South West - Severn,166
2023,South West - Severn,153
2023,South West - Severn,60
2023,South West - Severn,57
2023,South West - Severn,46
2023,South West - Severn,43
2023,South West - Severn,26
2023,South West - Severn,15
2023,Thames Valley,1477
2023,Thames Valley,1475
2023,Thames Valley,1465
2023,Thames Valley,1420
2023,Thames Valley,1367
2023,Thames Valley,1246
2023,Thames Valley,1217
2023,Thames Valley,1210
2023,Thames Valley,1142
2023,Thames Valley,1138
2023,Thames Valley,1118
2023,Thames Valley,1112
2023,Thames Valley,944
2023,Thames Valley,895
2023,Thames Valley,885
2023,Thames Valley,881
2023,Thames Valley,846
2023,Thames Valley,841
2023,Thames Valley,831
2023,Thames Valley,799
2023,Thames Valley,798
2023,Thames Valley,793
2023,Thames Valley,754
2023,Thames Valley,713
2023,Thames Valley,697
2023,Thames Valley,662
2023,Thames Valley,656
2023,Thames Valley,624
2023,Thames Valley,608
2023,Thames Valley,596
2023,Thames Valley,591
2023,Thames Valley,587
2023,Thames Valley,532
2023,Thames Valley,514
2023,Thames Valley,444
2023,Thames Valley,432
2023,Thames Valley,409
2023,Thames Valley,406
2023,Thames Valley,352
2023,Thames Valley,347
2023,Thames Valley,345
2023,Thames Valley,278
2023,Thames Valley,240
2023,Thames Valley,236
2023,Thames Valley,164
2023,Thames Valley,122
2023,Thames Valley,81
2023,Thames Valley,70
2023,Thames Valley,39
2023,Thames Valley,12
2023,Thames Valley,3
2023,Wales,2249
2023,Wales,2247
2023,Wales,2245
2023,Wales,2238
2023,Wales,2237
2023,Wales,2232
2023,Wales,2231
2023,Wales,2229
2023,Wales,2225
2023,Wales,2214
2023,Wales,2212
2023,Wales,2204
2023,Wales,2202
2023,Wales,2199
2023,Wales,2194
2023,Wales,2154
2023,Wales,2115
2023,Wales,2079
2023,Wales,2078
2023,Wales,2058
2023,Wales,2022
2023,Wales,1979
2023,Wales,1937
2023,Wales,1916
2023,Wales,1909
2023,Wales,1898
2023,Wales,1889
2023,Wales,1873
2023,Wales,1824
2023,Wales,1816
2023,Wales,1802
2023,Wales,1787
2023,Wales,1743
2023,Wales,1605
2023,Wales,1529
2023,Wales,1515
2023,Wales,1473
2023,Wales,1455
2023,Wales,1409
2023,Wales,1378
2023,Wales,1348
2023,Wales,1339
2023,Wales,1338
2023,Wales,1326
2023,Wales,1312
2023,Wales,1261
2023,Wales,1178
2023,Wales,1094
2023,Wales,1086
2023,Wales,971
2023,Wales,945
2023,Wales,868
2023,Wales,833
2023,Wales,832
2023,Wales,830
2023,Wales,810
2023,Wales,803
2023,Wales,756
2023,Wales,741
2023,Wales,642
2023,Wales,641
2023,Wales,581
2023,Wales,578
2023,Wales,552
2023,Wales,456
2023,Wales,455
2023,Wales,379
2023,Wales,371
2023,Wales,368
2023,Wales,354
2023,Wales,330
2023,Wales,280
2023,Wales,260
2023,Wales,221
2023,Wales,116
2023,Wales,108
2023,Wales,5
2023,Wessex,2103
2023,Wessex,2048
2023,Wessex,2006
2023,Wessex,1899
2023,Wessex,1833
2023,Wessex,1798
2023,Wessex,1758
2023,Wessex,1731
2023,Wessex,1702
2023,Wessex,1692
2023,Wessex,1636
2023,Wessex,1582
2023,Wessex,1559
2023,Wessex,1526
2023,Wessex,1518
2023,Wessex,1516
2023,Wessex,1514
2023,Wessex,1510
2023,Wessex,1491
2023,Wessex,1489
2023,Wessex,1457
2023,Wessex,1449
2023,Wessex,1438
2023,Wessex,1381
2023,Wessex,1356
2023,Wessex,1324
2023,Wessex,1316
2023,Wessex,1303
2023,Wessex,1300
2023,Wessex,1273
2023,Wessex,1259
2023,Wessex,1253
2023,Wessex,1244
2023,Wessex,1191
2023,Wessex,1186
2023,Wessex,1182
2023,Wessex,1168
2023,Wessex,1163
2023,Wessex,1143
2023,Wessex,1125
2023,Wessex,1100
2023,Wessex,1078
2023,Wessex,1063
2023,Wessex,1006
2023,Wessex,990
2023,Wessex,973
2023,Wessex,968
2023,Wessex,845
2023,Wessex,755
2023,Wessex,700
2023,Wessex,670
2023,Wessex,586
2023,Wessex,563
2023,Wessex,542
2023,Wessex,502
2023,Wessex,450
2023,Wessex,265
2023,Wessex,250
2023,Wessex,193
2023,Wessex,158
2023,Wessex,126
2023,West Midlands,1986
2023,West Midlands,1934
2023,West Midlands,1837
2023,West Midlands,1817
2023,West Midlands,1808
2023,West Midlands,1793
2023,West Midlands,1788
2023,West Midlands,1783
2023,West Midlands,1778
2023,West Midlands,1762
2023,West Midlands,1755
2023,West Midlands,1753
2023,West Midlands,1734
2023,West Midlands,1710
2023,West Midlands,1709
2023,West Midlands,1700
2023,West Midlands,1676
2023,West Midlands,1661
2023,West Midlands,1659
2023,West Midlands,1651
2023,West Midlands,1620
2023,West Midlands,1592
2023,West Midlands,1576
2023,West Midlands,1573
2023,West Midlands,1571
2023,West Midlands,1564
2023,West Midlands,1549
2023,West Midlands,1546
2023,West Midlands,1544
2023,West Midlands,1543
2023,West Midlands,1500
2023,West Midlands,1484
2023,West Midlands,1468
2023,West Midlands,1464
2023,West Midlands,1453
2023,West Midlands,1445
2023,West Midlands,1435
2023,West Midlands,1390
2023,West Midlands,1369
2023,West Midlands,1354
2023,West Midlands,1346
2023,West Midlands,1318
2023,West Midlands,1304
2023,West Midlands,1297
2023,West Midlands,1254
2023,West Midlands,1243
2023,West Midlands,1239
2023,West Midlands,1234
2023,West Midlands,1228
2023,West Midlands,1224
2023,West Midlands,1223
2023,West Midlands,1184
2023,West Midlands,1158
2023,West Midlands,1121
2023,West Midlands,1113
2023,West Midlands,1095
2023,West Midlands,1090
2023,West Midlands,1083
2023,West Midlands,1082
2023,West Midlands,1062
2023,West Midlands,1049
2023,West Midlands,1032
2023,West Midlands,1030
2023,West Midlands,1011
2023,West Midlands,1009
2023,West Midlands,999
2023,West Midlands,995
2023,West Midlands,978
2023,West Midlands,967
2023,West Midlands,941
2023,West Midlands,939
2023,West Midlands,871
2023,West Midlands,866
2023,West Midlands,854
2023,West Midlands,771
2023,West Midlands,759
2023,West Midlands,748
2023,West Midlands,718
2023,West Midlands,678
2023,West Midlands,675
2023,West Midlands,665
2023,West Midlands,644
2023,West Midlands,631
2023,West Midlands,625
2023,West Midlands,605
2023,West Midlands,584
2023,West Midlands,550
2023,West Midlands,540
2023,West Midlands,529
2023,West Midlands,482
2023,West Midlands,440
2023,West Midlands,308
2023,West Midlands,284
2023,West Midlands,267
2023,West Midlands,211
2023,West Midlands,203
2023,West Midlands,123
2023,West Midlands,89
2023,West Midlands,77
2023,West Midlands,62
2023,Yorkshire and the Humber,2208
2023,Yorkshire and the Humber,2207
2023,Yorkshire and the Humber,2201
2023,Yorkshire and the Humber,2198
2023,Yorkshire and the Humber,2197
2023,Yorkshire and the Humber,2196
2023,Yorkshire and the Humber,2188
2023,Yorkshire and the Humber,2184
2023,Yorkshire and the Humber,2183
2023,Yorkshire and the Humber,2181
2023,Yorkshire and the Humber,2173
2023,Yorkshire and the Humber,2161
2023,Yorkshire and the Humber,2155
2023,Yorkshire and the Humber,2146
2023,Yorkshire and the Humber,2132
2023,Yorkshire and the Humber,2121
2023,Yorkshire and the Humber,2118
2023,Yorkshire and the Humber,2097
2023,Yorkshire and the Humber,2091
2023,Yorkshire and the Humber,2082
2023,Yorkshire and the Humber,2066
2023,Yorkshire and the Humber,2063
2023,Yorkshire and the Humber,2062
2023,Yorkshire and the Humber,2060
2023,Yorkshire and the Humber,2057
2023,Yorkshire and the Humber,2009
2023,Yorkshire and the Humber,2007
2023,Yorkshire and the Humber,1988
2023,Yorkshire and the Humber,1987
2023,Yorkshire and the Humber,1982
2023,Yorkshire and the Humber,1972
2023,Yorkshire and the Humber,1946
2023,Yorkshire and the Humber,1943
2023,Yorkshire and the Humber,1942
2023,Yorkshire and the Humber,1920
2023,Yorkshire and the Humber,1877
2023,Yorkshire and the Humber,1871
2023,Yorkshire and the Humber,1861
2023,Yorkshire and the Humber,1856
2023,Yorkshire and the Humber,1853
2023,Yorkshire and the Humber,1841
2023,Yorkshire and the Humber,1840
2023,Yorkshire and the Humber,1828
2023,Yorkshire and the Humber,1819
2023,Yorkshire and the Humber,1806
2023,Yorkshire and the Humber,1774
2023,Yorkshire and the Humber,1766
2023,Yorkshire and the Humber,1761
2023,Yorkshire and the Humber,1760
2023,Yorkshire and the Humber,1747
2023,Yorkshire and the Humber,1740
2023,Yorkshire and the Humber,1735
2023,Yorkshire and the Humber,1729
2023,Yorkshire and the Humber,1726
2023,Yorkshire and the Humber,1704
2023,Yorkshire and the Humber,1697
2023,Yorkshire and the Humber,1694
2023,Yorkshire and the Humber,1677
2023,Yorkshire and the Humber,1668
2023,Yorkshire and the Humber,1667
2023,Yorkshire and the Humber,1660
2023,Yorkshire and the Humber,1656
2023,Yorkshire and the Humber,1650
2023,Yorkshire and the Humber,1647
2023,Yorkshire and the Humber,1646
2023,Yorkshire and the Humber,1644
2023,Yorkshire and the Humber,1639
2023,Yorkshire and the Humber,1630
2023,Yorkshire and the Humber,1625
2023,Yorkshire and the Humber,1615
2023,Yorkshire and the Humber,1613
2023,Yorkshire and the Humber,1593
2023,Yorkshire and the Humber,1541
2023,Yorkshire and the Humber,1519
2023,Yorkshire and the Humber,1509
2023,Yorkshire and the Humber,1505
2023,Yorkshire and the Humber,1493
2023,Yorkshire and the Humber,1490
2023,Yorkshire and the Humber,1476
2023,Yorkshire and the Humber,1463
2023,Yorkshire and the Humber,1462
2023,Yorkshire and the Humber,1441
2023,Yorkshire and the Humber,1410
2023,Yorkshire and the Humber,1388
2023,Yorkshire and the Humber,1364
2023,Yorkshire and the Humber,1363
2023,Yorkshire and the Humber,1359
2023,Yorkshire and the Humber,1358
2023,Yorkshire and the Humber,1353
2023,Yorkshire and the Humber,1347
2023,Yorkshire and the Humber,1345
2023,Yorkshire and the Humber,1340
2023,Yorkshire and the Humber,1320
2023,Yorkshire and the Humber,1307
2023,Yorkshire and the Humber,1302
2023,Yorkshire and the Humber,1287
2023,Yorkshire and the Humber,1283
2023,Yorkshire and the Humber,1274
2023,Yorkshire and the Humber,1264
2023,Yorkshire and the Humber,1260
2023,Yorkshire and the Humber,1258
2023,Yorkshire and the Humber,1213
2023,Yorkshire and the Humber,1199
2023,Yorkshire and the Humber,1181
2023,Yorkshire and the Humber,1165
2023,Yorkshire and the Humber,1144
2023,Yorkshire and the Humber,1115
2023,Yorkshire and the Humber,1114
2023,Yorkshire and the Humber,1103
2023,Yorkshire and the Humber,1093
2023,Yorkshire and the Humber,1071
2023,Yorkshire and the Humber,1050
2023,Yorkshire and the Humber,1020
2023,Yorkshire and the Humber,991
2023,Yorkshire and the Humber,961
2023,Yorkshire and the Humber,948
2023,Yorkshire and the Humber,888
2023,Yorkshire and the Humber,844
2023,Yorkshire and the Humber,809
2023,Yorkshire and the Humber,802
2023,Yorkshire and the Humber,760
2023,Yorkshire and the Humber,727
2023,Yorkshire and the Humber,687
2023,Yorkshire and the Humber,683
2023,Yorkshire and the Humber,676
2023,Yorkshire and the Humber,664
2023,Yorkshire and the Humber,646
2023,Yorkshire and the Humber,626
2023,Yorkshire and the Humber,610
2023,Yorkshire and the Humber,603
2023,Yorkshire and the Humber,505
2023,Yorkshire and the Humber,472
2023,Yorkshire and the Humber,418
2023,Yorkshire and the Humber,407
2023,Yorkshire and the Humber,378
2023,Yorkshire and the Humber,369
2023,Yorkshire and the Humber,366
2023,Yorkshire and the Humber,363
2023,Yorkshire and the Humber,361
2023,Yorkshire and the Humber,338
2023,Yorkshire and the Humber,329
2023,Yorkshire and the Humber,314
2023,Yorkshire and the Humber,286
2023,Yorkshire and the Humber,275
2023,Yorkshire and the Humber,226
2023,Yorkshire and the Humber,205
2023,Yorkshire and the Humber,154
2023,Yorkshire and the Humber,152
2023,Yorkshire and the Humber,143
2023,Yorkshire and the Humber,106
2023,Yorkshire and the Humber,100
2023,Yorkshire and the Humber,91
2023,Yorkshire and the Humber,64
2023,Yorkshire and the Humber,40
